2025-01-24T05:04:38,214 - CPUUtilization.Percent:0.0|#Level:Host|#hostname:Dharaneesh,timestamp:1737675278
2025-01-24T05:04:38,214 - DiskAvailable.Gigabytes:45.091793060302734|#Level:Host|#hostname:Dharaneesh,timestamp:1737675278
2025-01-24T05:04:38,214 - DiskUsage.Gigabytes:150.34210968017578|#Level:Host|#hostname:Dharaneesh,timestamp:1737675278
2025-01-24T05:04:38,214 - DiskUtilization.Percent:76.9|#Level:Host|#hostname:Dharaneesh,timestamp:1737675278
2025-01-24T05:04:38,214 - GPUMemoryUtilization.Percent:0.0|#Level:Host,DeviceId:0|#hostname:Dharaneesh,timestamp:1737675278
2025-01-24T05:04:38,214 - GPUMemoryUsed.Megabytes:0.0|#Level:Host,DeviceId:0|#hostname:Dharaneesh,timestamp:1737675278
2025-01-24T05:04:38,214 - GPUUtilization.Percent:0.0|#Level:Host,DeviceId:0|#hostname:Dharaneesh,timestamp:1737675278
2025-01-24T05:04:38,214 - MemoryAvailable.Megabytes:7270.01953125|#Level:Host|#hostname:Dharaneesh,timestamp:1737675278
2025-01-24T05:04:38,214 - MemoryUsed.Megabytes:8733.8359375|#Level:Host|#hostname:Dharaneesh,timestamp:1737675278
2025-01-24T05:04:38,214 - MemoryUtilization.Percent:54.6|#Level:Host|#hostname:Dharaneesh,timestamp:1737675278
2025-01-24T05:04:39,883 - WorkerLoadTime.Milliseconds:2394.0|#WorkerName:W-9000-emotion_model_1.0,Level:Host|#hostname:Dharaneesh,timestamp:1737675279
2025-01-24T05:04:39,883 - WorkerThreadTime.Milliseconds:1.0|#Level:Host|#hostname:Dharaneesh,timestamp:1737675279
2025-01-24T05:05:39,821 - CPUUtilization.Percent:0.0|#Level:Host|#hostname:Dharaneesh,timestamp:1737675339
2025-01-24T05:05:39,821 - DiskAvailable.Gigabytes:45.091285705566406|#Level:Host|#hostname:Dharaneesh,timestamp:1737675339
2025-01-24T05:05:39,822 - DiskUsage.Gigabytes:150.3426170349121|#Level:Host|#hostname:Dharaneesh,timestamp:1737675339
2025-01-24T05:05:39,823 - DiskUtilization.Percent:76.9|#Level:Host|#hostname:Dharaneesh,timestamp:1737675339
2025-01-24T05:05:39,823 - GPUMemoryUtilization.Percent:0.0|#Level:Host,DeviceId:0|#hostname:Dharaneesh,timestamp:1737675339
2025-01-24T05:05:39,823 - GPUMemoryUsed.Megabytes:0.0|#Level:Host,DeviceId:0|#hostname:Dharaneesh,timestamp:1737675339
2025-01-24T05:05:39,823 - GPUUtilization.Percent:0.0|#Level:Host,DeviceId:0|#hostname:Dharaneesh,timestamp:1737675339
2025-01-24T05:05:39,823 - MemoryAvailable.Megabytes:7183.24609375|#Level:Host|#hostname:Dharaneesh,timestamp:1737675339
2025-01-24T05:05:39,823 - MemoryUsed.Megabytes:8819.890625|#Level:Host|#hostname:Dharaneesh,timestamp:1737675339
2025-01-24T05:05:39,823 - MemoryUtilization.Percent:55.1|#Level:Host|#hostname:Dharaneesh,timestamp:1737675339
2025-01-24T05:06:39,830 - CPUUtilization.Percent:0.0|#Level:Host|#hostname:Dharaneesh,timestamp:1737675399
2025-01-24T05:06:39,830 - DiskAvailable.Gigabytes:45.09017562866211|#Level:Host|#hostname:Dharaneesh,timestamp:1737675399
2025-01-24T05:06:39,831 - DiskUsage.Gigabytes:150.3437271118164|#Level:Host|#hostname:Dharaneesh,timestamp:1737675399
2025-01-24T05:06:39,831 - DiskUtilization.Percent:76.9|#Level:Host|#hostname:Dharaneesh,timestamp:1737675399
2025-01-24T05:06:39,831 - GPUMemoryUtilization.Percent:0.0|#Level:Host,DeviceId:0|#hostname:Dharaneesh,timestamp:1737675399
2025-01-24T05:06:39,831 - GPUMemoryUsed.Megabytes:0.0|#Level:Host,DeviceId:0|#hostname:Dharaneesh,timestamp:1737675399
2025-01-24T05:06:39,832 - GPUUtilization.Percent:0.0|#Level:Host,DeviceId:0|#hostname:Dharaneesh,timestamp:1737675399
2025-01-24T05:06:39,832 - MemoryAvailable.Megabytes:6982.37109375|#Level:Host|#hostname:Dharaneesh,timestamp:1737675399
2025-01-24T05:06:39,832 - MemoryUsed.Megabytes:9020.765625|#Level:Host|#hostname:Dharaneesh,timestamp:1737675399
2025-01-24T05:06:39,832 - MemoryUtilization.Percent:56.4|#Level:Host|#hostname:Dharaneesh,timestamp:1737675399
2025-01-24T05:07:39,806 - CPUUtilization.Percent:0.0|#Level:Host|#hostname:Dharaneesh,timestamp:1737675459
2025-01-24T05:07:39,806 - DiskAvailable.Gigabytes:45.090091705322266|#Level:Host|#hostname:Dharaneesh,timestamp:1737675459
2025-01-24T05:07:39,806 - DiskUsage.Gigabytes:150.34381103515625|#Level:Host|#hostname:Dharaneesh,timestamp:1737675459
2025-01-24T05:07:39,806 - DiskUtilization.Percent:76.9|#Level:Host|#hostname:Dharaneesh,timestamp:1737675459
2025-01-24T05:07:39,806 - GPUMemoryUtilization.Percent:0.0|#Level:Host,DeviceId:0|#hostname:Dharaneesh,timestamp:1737675459
2025-01-24T05:07:39,806 - GPUMemoryUsed.Megabytes:0.0|#Level:Host,DeviceId:0|#hostname:Dharaneesh,timestamp:1737675459
2025-01-24T05:07:39,806 - GPUUtilization.Percent:0.0|#Level:Host,DeviceId:0|#hostname:Dharaneesh,timestamp:1737675459
2025-01-24T05:07:39,806 - MemoryAvailable.Megabytes:7028.76953125|#Level:Host|#hostname:Dharaneesh,timestamp:1737675459
2025-01-24T05:07:39,806 - MemoryUsed.Megabytes:8975.23046875|#Level:Host|#hostname:Dharaneesh,timestamp:1737675459
2025-01-24T05:07:39,806 - MemoryUtilization.Percent:56.1|#Level:Host|#hostname:Dharaneesh,timestamp:1737675459
2025-01-24T05:08:39,854 - CPUUtilization.Percent:0.0|#Level:Host|#hostname:Dharaneesh,timestamp:1737675519
2025-01-24T05:08:39,854 - DiskAvailable.Gigabytes:45.087730407714844|#Level:Host|#hostname:Dharaneesh,timestamp:1737675519
2025-01-24T05:08:39,855 - DiskUsage.Gigabytes:150.34617233276367|#Level:Host|#hostname:Dharaneesh,timestamp:1737675519
2025-01-24T05:08:39,855 - DiskUtilization.Percent:76.9|#Level:Host|#hostname:Dharaneesh,timestamp:1737675519
2025-01-24T05:08:39,855 - GPUMemoryUtilization.Percent:0.0|#Level:Host,DeviceId:0|#hostname:Dharaneesh,timestamp:1737675519
2025-01-24T05:08:39,855 - GPUMemoryUsed.Megabytes:0.0|#Level:Host,DeviceId:0|#hostname:Dharaneesh,timestamp:1737675519
2025-01-24T05:08:39,856 - GPUUtilization.Percent:0.0|#Level:Host,DeviceId:0|#hostname:Dharaneesh,timestamp:1737675519
2025-01-24T05:08:39,856 - MemoryAvailable.Megabytes:6912.8984375|#Level:Host|#hostname:Dharaneesh,timestamp:1737675519
2025-01-24T05:08:39,856 - MemoryUsed.Megabytes:9090.8359375|#Level:Host|#hostname:Dharaneesh,timestamp:1737675519
2025-01-24T05:08:39,856 - MemoryUtilization.Percent:56.8|#Level:Host|#hostname:Dharaneesh,timestamp:1737675519
2025-01-24T05:09:39,814 - CPUUtilization.Percent:0.0|#Level:Host|#hostname:Dharaneesh,timestamp:1737675579
2025-01-24T05:09:39,814 - DiskAvailable.Gigabytes:45.08531951904297|#Level:Host|#hostname:Dharaneesh,timestamp:1737675579
2025-01-24T05:09:39,814 - DiskUsage.Gigabytes:150.34858322143555|#Level:Host|#hostname:Dharaneesh,timestamp:1737675579
2025-01-24T05:09:39,814 - DiskUtilization.Percent:76.9|#Level:Host|#hostname:Dharaneesh,timestamp:1737675579
2025-01-24T05:09:39,814 - GPUMemoryUtilization.Percent:0.0|#Level:Host,DeviceId:0|#hostname:Dharaneesh,timestamp:1737675579
2025-01-24T05:09:39,814 - GPUMemoryUsed.Megabytes:0.0|#Level:Host,DeviceId:0|#hostname:Dharaneesh,timestamp:1737675579
2025-01-24T05:09:39,814 - GPUUtilization.Percent:0.0|#Level:Host,DeviceId:0|#hostname:Dharaneesh,timestamp:1737675579
2025-01-24T05:09:39,814 - MemoryAvailable.Megabytes:6986.33984375|#Level:Host|#hostname:Dharaneesh,timestamp:1737675579
2025-01-24T05:09:39,814 - MemoryUsed.Megabytes:9016.796875|#Level:Host|#hostname:Dharaneesh,timestamp:1737675579
2025-01-24T05:09:39,814 - MemoryUtilization.Percent:56.3|#Level:Host|#hostname:Dharaneesh,timestamp:1737675579
2025-01-24T05:10:44,954 - CPUUtilization.Percent:0.0|#Level:Host|#hostname:Dharaneesh,timestamp:1737675644
2025-01-24T05:10:44,954 - DiskAvailable.Gigabytes:45.055816650390625|#Level:Host|#hostname:Dharaneesh,timestamp:1737675644
2025-01-24T05:10:44,954 - DiskUsage.Gigabytes:150.3780860900879|#Level:Host|#hostname:Dharaneesh,timestamp:1737675644
2025-01-24T05:10:44,954 - DiskUtilization.Percent:76.9|#Level:Host|#hostname:Dharaneesh,timestamp:1737675644
2025-01-24T05:10:44,954 - GPUMemoryUtilization.Percent:0.0|#Level:Host,DeviceId:0|#hostname:Dharaneesh,timestamp:1737675644
2025-01-24T05:10:44,967 - GPUMemoryUsed.Megabytes:0.0|#Level:Host,DeviceId:0|#hostname:Dharaneesh,timestamp:1737675644
2025-01-24T05:10:44,967 - GPUUtilization.Percent:0.0|#Level:Host,DeviceId:0|#hostname:Dharaneesh,timestamp:1737675644
2025-01-24T05:10:44,967 - MemoryAvailable.Megabytes:6867.2890625|#Level:Host|#hostname:Dharaneesh,timestamp:1737675644
2025-01-24T05:10:44,967 - MemoryUsed.Megabytes:9138.7890625|#Level:Host|#hostname:Dharaneesh,timestamp:1737675644
2025-01-24T05:10:44,967 - MemoryUtilization.Percent:57.1|#Level:Host|#hostname:Dharaneesh,timestamp:1737675644
2025-01-24T05:10:46,092 - WorkerLoadTime.Milliseconds:2327.0|#WorkerName:W-9000-emotion_model_1.0,Level:Host|#hostname:Dharaneesh,timestamp:1737675646
2025-01-24T05:10:46,092 - WorkerThreadTime.Milliseconds:10.0|#Level:Host|#hostname:Dharaneesh,timestamp:1737675646
2025-01-24T05:11:01,966 - ts_inference_requests_total.Count:1.0|#model_name:emotion_model,model_version:default|#hostname:Dharaneesh,timestamp:1737675661
2025-01-24T05:11:02,004 - Requests2XX.Count:1.0|#Level:Host|#hostname:Dharaneesh,timestamp:1737675662
2025-01-24T05:11:02,004 - ts_inference_latency_microseconds.Microseconds:22057.5|#model_name:emotion_model,model_version:default|#hostname:Dharaneesh,timestamp:1737675662
2025-01-24T05:11:02,005 - ts_queue_latency_microseconds.Microseconds:192.2|#model_name:emotion_model,model_version:default|#hostname:Dharaneesh,timestamp:1737675662
2025-01-24T05:11:02,005 - QueueTime.Milliseconds:0.0|#Level:Host|#hostname:Dharaneesh,timestamp:1737675662
2025-01-24T05:11:02,006 - WorkerThreadTime.Milliseconds:20.0|#Level:Host|#hostname:Dharaneesh,timestamp:1737675662
2025-01-24T05:11:46,123 - CPUUtilization.Percent:0.0|#Level:Host|#hostname:Dharaneesh,timestamp:1737675706
2025-01-24T05:11:46,123 - DiskAvailable.Gigabytes:45.055625915527344|#Level:Host|#hostname:Dharaneesh,timestamp:1737675706
2025-01-24T05:11:46,123 - DiskUsage.Gigabytes:150.37827682495117|#Level:Host|#hostname:Dharaneesh,timestamp:1737675706
2025-01-24T05:11:46,123 - DiskUtilization.Percent:76.9|#Level:Host|#hostname:Dharaneesh,timestamp:1737675706
2025-01-24T05:11:46,123 - GPUMemoryUtilization.Percent:0.0|#Level:Host,DeviceId:0|#hostname:Dharaneesh,timestamp:1737675706
2025-01-24T05:11:46,123 - GPUMemoryUsed.Megabytes:0.0|#Level:Host,DeviceId:0|#hostname:Dharaneesh,timestamp:1737675706
2025-01-24T05:11:46,123 - GPUUtilization.Percent:0.0|#Level:Host,DeviceId:0|#hostname:Dharaneesh,timestamp:1737675706
2025-01-24T05:11:46,123 - MemoryAvailable.Megabytes:6635.484375|#Level:Host|#hostname:Dharaneesh,timestamp:1737675706
2025-01-24T05:11:46,123 - MemoryUsed.Megabytes:9367.91796875|#Level:Host|#hostname:Dharaneesh,timestamp:1737675706
2025-01-24T05:11:46,136 - MemoryUtilization.Percent:58.5|#Level:Host|#hostname:Dharaneesh,timestamp:1737675706
2025-01-24T05:12:05,944 - ts_inference_requests_total.Count:1.0|#model_name:emotion_model,model_version:default|#hostname:Dharaneesh,timestamp:1737675725
2025-01-24T05:12:05,961 - Requests2XX.Count:1.0|#Level:Host|#hostname:Dharaneesh,timestamp:1737675725
2025-01-24T05:12:05,961 - ts_inference_latency_microseconds.Microseconds:12096.0|#model_name:emotion_model,model_version:default|#hostname:Dharaneesh,timestamp:1737675725
2025-01-24T05:12:05,961 - ts_queue_latency_microseconds.Microseconds:51.4|#model_name:emotion_model,model_version:default|#hostname:Dharaneesh,timestamp:1737675725
2025-01-24T05:12:05,962 - QueueTime.Milliseconds:0.0|#Level:Host|#hostname:Dharaneesh,timestamp:1737675725
2025-01-24T05:12:05,962 - WorkerThreadTime.Milliseconds:2.0|#Level:Host|#hostname:Dharaneesh,timestamp:1737675725
2025-01-24T05:12:46,135 - CPUUtilization.Percent:0.0|#Level:Host|#hostname:Dharaneesh,timestamp:1737675766
2025-01-24T05:12:46,136 - DiskAvailable.Gigabytes:45.05544662475586|#Level:Host|#hostname:Dharaneesh,timestamp:1737675766
2025-01-24T05:12:46,136 - DiskUsage.Gigabytes:150.37845611572266|#Level:Host|#hostname:Dharaneesh,timestamp:1737675766
2025-01-24T05:12:46,136 - DiskUtilization.Percent:76.9|#Level:Host|#hostname:Dharaneesh,timestamp:1737675766
2025-01-24T05:12:46,136 - GPUMemoryUtilization.Percent:0.0|#Level:Host,DeviceId:0|#hostname:Dharaneesh,timestamp:1737675766
2025-01-24T05:12:46,136 - GPUMemoryUsed.Megabytes:0.0|#Level:Host,DeviceId:0|#hostname:Dharaneesh,timestamp:1737675766
2025-01-24T05:12:46,136 - GPUUtilization.Percent:0.0|#Level:Host,DeviceId:0|#hostname:Dharaneesh,timestamp:1737675766
2025-01-24T05:12:46,137 - MemoryAvailable.Megabytes:6712.28515625|#Level:Host|#hostname:Dharaneesh,timestamp:1737675766
2025-01-24T05:12:46,137 - MemoryUsed.Megabytes:9290.8515625|#Level:Host|#hostname:Dharaneesh,timestamp:1737675766
2025-01-24T05:12:46,137 - MemoryUtilization.Percent:58.1|#Level:Host|#hostname:Dharaneesh,timestamp:1737675766
2025-01-24T05:13:46,089 - CPUUtilization.Percent:0.0|#Level:Host|#hostname:Dharaneesh,timestamp:1737675826
2025-01-24T05:13:46,089 - DiskAvailable.Gigabytes:45.054927825927734|#Level:Host|#hostname:Dharaneesh,timestamp:1737675826
2025-01-24T05:13:46,089 - DiskUsage.Gigabytes:150.37897491455078|#Level:Host|#hostname:Dharaneesh,timestamp:1737675826
2025-01-24T05:13:46,089 - DiskUtilization.Percent:76.9|#Level:Host|#hostname:Dharaneesh,timestamp:1737675826
2025-01-24T05:13:46,089 - GPUMemoryUtilization.Percent:0.0|#Level:Host,DeviceId:0|#hostname:Dharaneesh,timestamp:1737675826
2025-01-24T05:13:46,089 - GPUMemoryUsed.Megabytes:0.0|#Level:Host,DeviceId:0|#hostname:Dharaneesh,timestamp:1737675826
2025-01-24T05:13:46,089 - GPUUtilization.Percent:0.0|#Level:Host,DeviceId:0|#hostname:Dharaneesh,timestamp:1737675826
2025-01-24T05:13:46,089 - MemoryAvailable.Megabytes:7251.1953125|#Level:Host|#hostname:Dharaneesh,timestamp:1737675826
2025-01-24T05:13:46,089 - MemoryUsed.Megabytes:8751.94140625|#Level:Host|#hostname:Dharaneesh,timestamp:1737675826
2025-01-24T05:13:46,089 - MemoryUtilization.Percent:54.7|#Level:Host|#hostname:Dharaneesh,timestamp:1737675826
2025-01-24T05:15:24,340 - CPUUtilization.Percent:0.0|#Level:Host|#hostname:Dharaneesh,timestamp:1737675924
2025-01-24T05:15:24,340 - DiskAvailable.Gigabytes:45.03975296020508|#Level:Host|#hostname:Dharaneesh,timestamp:1737675924
2025-01-24T05:15:24,340 - DiskUsage.Gigabytes:150.39414978027344|#Level:Host|#hostname:Dharaneesh,timestamp:1737675924
2025-01-24T05:15:24,340 - DiskUtilization.Percent:77.0|#Level:Host|#hostname:Dharaneesh,timestamp:1737675924
2025-01-24T05:15:24,340 - GPUMemoryUtilization.Percent:0.0|#Level:Host,DeviceId:0|#hostname:Dharaneesh,timestamp:1737675924
2025-01-24T05:15:24,340 - GPUMemoryUsed.Megabytes:0.0|#Level:Host,DeviceId:0|#hostname:Dharaneesh,timestamp:1737675924
2025-01-24T05:15:24,340 - GPUUtilization.Percent:0.0|#Level:Host,DeviceId:0|#hostname:Dharaneesh,timestamp:1737675924
2025-01-24T05:15:24,340 - MemoryAvailable.Megabytes:7283.82421875|#Level:Host|#hostname:Dharaneesh,timestamp:1737675924
2025-01-24T05:15:24,340 - MemoryUsed.Megabytes:8719.3125|#Level:Host|#hostname:Dharaneesh,timestamp:1737675924
2025-01-24T05:15:24,340 - MemoryUtilization.Percent:54.5|#Level:Host|#hostname:Dharaneesh,timestamp:1737675924
2025-01-24T05:15:25,593 - WorkerLoadTime.Milliseconds:2420.0|#WorkerName:W-9000-emotion_model_1.0,Level:Host|#hostname:Dharaneesh,timestamp:1737675925
2025-01-24T05:15:25,593 - WorkerThreadTime.Milliseconds:0.0|#Level:Host|#hostname:Dharaneesh,timestamp:1737675925
2025-01-24T05:16:11,261 - ts_inference_requests_total.Count:1.0|#model_name:emotion_model,model_version:default|#hostname:Dharaneesh,timestamp:1737675971
2025-01-24T05:16:11,294 - Requests2XX.Count:1.0|#Level:Host|#hostname:Dharaneesh,timestamp:1737675971
2025-01-24T05:16:11,294 - ts_inference_latency_microseconds.Microseconds:22049.8|#model_name:emotion_model,model_version:default|#hostname:Dharaneesh,timestamp:1737675971
2025-01-24T05:16:11,294 - ts_queue_latency_microseconds.Microseconds:136.1|#model_name:emotion_model,model_version:default|#hostname:Dharaneesh,timestamp:1737675971
2025-01-24T05:16:11,295 - QueueTime.Milliseconds:0.0|#Level:Host|#hostname:Dharaneesh,timestamp:1737675971
2025-01-24T05:16:11,295 - WorkerThreadTime.Milliseconds:3.0|#Level:Host|#hostname:Dharaneesh,timestamp:1737675971
2025-01-24T05:16:25,510 - CPUUtilization.Percent:0.0|#Level:Host|#hostname:Dharaneesh,timestamp:1737675985
2025-01-24T05:16:25,510 - DiskAvailable.Gigabytes:45.039512634277344|#Level:Host|#hostname:Dharaneesh,timestamp:1737675985
2025-01-24T05:16:25,510 - DiskUsage.Gigabytes:150.39439010620117|#Level:Host|#hostname:Dharaneesh,timestamp:1737675985
2025-01-24T05:16:25,514 - DiskUtilization.Percent:77.0|#Level:Host|#hostname:Dharaneesh,timestamp:1737675985
2025-01-24T05:16:25,514 - GPUMemoryUtilization.Percent:0.0|#Level:Host,DeviceId:0|#hostname:Dharaneesh,timestamp:1737675985
2025-01-24T05:16:25,515 - GPUMemoryUsed.Megabytes:0.0|#Level:Host,DeviceId:0|#hostname:Dharaneesh,timestamp:1737675985
2025-01-24T05:16:25,515 - GPUUtilization.Percent:0.0|#Level:Host,DeviceId:0|#hostname:Dharaneesh,timestamp:1737675985
2025-01-24T05:16:25,515 - MemoryAvailable.Megabytes:7082.71875|#Level:Host|#hostname:Dharaneesh,timestamp:1737675985
2025-01-24T05:16:25,515 - MemoryUsed.Megabytes:8920.41796875|#Level:Host|#hostname:Dharaneesh,timestamp:1737675985
2025-01-24T05:16:25,515 - MemoryUtilization.Percent:55.7|#Level:Host|#hostname:Dharaneesh,timestamp:1737675985
2025-01-24T05:17:25,483 - CPUUtilization.Percent:0.0|#Level:Host|#hostname:Dharaneesh,timestamp:1737676045
2025-01-24T05:17:25,483 - DiskAvailable.Gigabytes:45.03896713256836|#Level:Host|#hostname:Dharaneesh,timestamp:1737676045
2025-01-24T05:17:25,483 - DiskUsage.Gigabytes:150.39493560791016|#Level:Host|#hostname:Dharaneesh,timestamp:1737676045
2025-01-24T05:17:25,484 - DiskUtilization.Percent:77.0|#Level:Host|#hostname:Dharaneesh,timestamp:1737676045
2025-01-24T05:17:25,484 - GPUMemoryUtilization.Percent:0.0|#Level:Host,DeviceId:0|#hostname:Dharaneesh,timestamp:1737676045
2025-01-24T05:17:25,484 - GPUMemoryUsed.Megabytes:0.0|#Level:Host,DeviceId:0|#hostname:Dharaneesh,timestamp:1737676045
2025-01-24T05:17:25,484 - GPUUtilization.Percent:0.0|#Level:Host,DeviceId:0|#hostname:Dharaneesh,timestamp:1737676045
2025-01-24T05:17:25,484 - MemoryAvailable.Megabytes:6965.6171875|#Level:Host|#hostname:Dharaneesh,timestamp:1737676045
2025-01-24T05:17:25,484 - MemoryUsed.Megabytes:9037.51953125|#Level:Host|#hostname:Dharaneesh,timestamp:1737676045
2025-01-24T05:17:25,485 - MemoryUtilization.Percent:56.5|#Level:Host|#hostname:Dharaneesh,timestamp:1737676045
2025-01-24T05:18:25,508 - CPUUtilization.Percent:0.0|#Level:Host|#hostname:Dharaneesh,timestamp:1737676105
2025-01-24T05:18:25,508 - DiskAvailable.Gigabytes:45.03893280029297|#Level:Host|#hostname:Dharaneesh,timestamp:1737676105
2025-01-24T05:18:25,508 - DiskUsage.Gigabytes:150.39496994018555|#Level:Host|#hostname:Dharaneesh,timestamp:1737676105
2025-01-24T05:18:25,508 - DiskUtilization.Percent:77.0|#Level:Host|#hostname:Dharaneesh,timestamp:1737676105
2025-01-24T05:18:25,508 - GPUMemoryUtilization.Percent:0.0|#Level:Host,DeviceId:0|#hostname:Dharaneesh,timestamp:1737676105
2025-01-24T05:18:25,508 - GPUMemoryUsed.Megabytes:0.0|#Level:Host,DeviceId:0|#hostname:Dharaneesh,timestamp:1737676105
2025-01-24T05:18:25,508 - GPUUtilization.Percent:0.0|#Level:Host,DeviceId:0|#hostname:Dharaneesh,timestamp:1737676105
2025-01-24T05:18:25,508 - MemoryAvailable.Megabytes:6972.63671875|#Level:Host|#hostname:Dharaneesh,timestamp:1737676105
2025-01-24T05:18:25,508 - MemoryUsed.Megabytes:9030.5|#Level:Host|#hostname:Dharaneesh,timestamp:1737676105
2025-01-24T05:18:25,508 - MemoryUtilization.Percent:56.4|#Level:Host|#hostname:Dharaneesh,timestamp:1737676105
2025-01-24T05:28:11,256 - CPUUtilization.Percent:0.0|#Level:Host|#hostname:Dharaneesh,timestamp:1737676691
2025-01-24T05:28:11,257 - DiskAvailable.Gigabytes:44.99515151977539|#Level:Host|#hostname:Dharaneesh,timestamp:1737676691
2025-01-24T05:28:11,257 - DiskUsage.Gigabytes:150.43875122070312|#Level:Host|#hostname:Dharaneesh,timestamp:1737676691
2025-01-24T05:28:11,257 - DiskUtilization.Percent:77.0|#Level:Host|#hostname:Dharaneesh,timestamp:1737676691
2025-01-24T05:28:11,257 - GPUMemoryUtilization.Percent:0.0|#Level:Host,DeviceId:0|#hostname:Dharaneesh,timestamp:1737676691
2025-01-24T05:28:11,258 - GPUMemoryUsed.Megabytes:0.0|#Level:Host,DeviceId:0|#hostname:Dharaneesh,timestamp:1737676691
2025-01-24T05:28:11,258 - GPUUtilization.Percent:0.0|#Level:Host,DeviceId:0|#hostname:Dharaneesh,timestamp:1737676691
2025-01-24T05:28:11,259 - MemoryAvailable.Megabytes:7358.58984375|#Level:Host|#hostname:Dharaneesh,timestamp:1737676691
2025-01-24T05:28:11,259 - MemoryUsed.Megabytes:8642.21875|#Level:Host|#hostname:Dharaneesh,timestamp:1737676691
2025-01-24T05:28:11,259 - MemoryUtilization.Percent:54.0|#Level:Host|#hostname:Dharaneesh,timestamp:1737676691
2025-01-24T05:28:13,315 - WorkerLoadTime.Milliseconds:2889.0|#WorkerName:W-9000-emotion_model_1.0,Level:Host|#hostname:Dharaneesh,timestamp:1737676693
2025-01-24T05:28:13,315 - WorkerThreadTime.Milliseconds:2.0|#Level:Host|#hostname:Dharaneesh,timestamp:1737676693
2025-01-24T05:29:11,633 - CPUUtilization.Percent:0.0|#Level:Host|#hostname:Dharaneesh,timestamp:1737676751
2025-01-24T05:29:11,639 - DiskAvailable.Gigabytes:44.99351119995117|#Level:Host|#hostname:Dharaneesh,timestamp:1737676751
2025-01-24T05:29:11,639 - DiskUsage.Gigabytes:150.44039154052734|#Level:Host|#hostname:Dharaneesh,timestamp:1737676751
2025-01-24T05:29:11,640 - DiskUtilization.Percent:77.0|#Level:Host|#hostname:Dharaneesh,timestamp:1737676751
2025-01-24T05:29:11,640 - GPUMemoryUtilization.Percent:0.0|#Level:Host,DeviceId:0|#hostname:Dharaneesh,timestamp:1737676751
2025-01-24T05:29:11,640 - GPUMemoryUsed.Megabytes:0.0|#Level:Host,DeviceId:0|#hostname:Dharaneesh,timestamp:1737676751
2025-01-24T05:29:11,640 - GPUUtilization.Percent:0.0|#Level:Host,DeviceId:0|#hostname:Dharaneesh,timestamp:1737676751
2025-01-24T05:29:11,641 - MemoryAvailable.Megabytes:7235.0234375|#Level:Host|#hostname:Dharaneesh,timestamp:1737676751
2025-01-24T05:29:11,641 - MemoryUsed.Megabytes:8769.90625|#Level:Host|#hostname:Dharaneesh,timestamp:1737676751
2025-01-24T05:29:11,641 - MemoryUtilization.Percent:54.8|#Level:Host|#hostname:Dharaneesh,timestamp:1737676751
2025-01-24T05:29:14,478 - Requests4XX.Count:1.0|#Level:Host|#hostname:Dharaneesh,timestamp:1737676754
2025-01-24T05:29:30,479 - Requests4XX.Count:1.0|#Level:Host|#hostname:Dharaneesh,timestamp:1737676770
2025-01-24T05:29:57,468 - CPUUtilization.Percent:0.0|#Level:Host|#hostname:Dharaneesh,timestamp:1737676797
2025-01-24T05:29:57,474 - DiskAvailable.Gigabytes:44.97813034057617|#Level:Host|#hostname:Dharaneesh,timestamp:1737676797
2025-01-24T05:29:57,474 - DiskUsage.Gigabytes:150.45577239990234|#Level:Host|#hostname:Dharaneesh,timestamp:1737676797
2025-01-24T05:29:57,474 - DiskUtilization.Percent:77.0|#Level:Host|#hostname:Dharaneesh,timestamp:1737676797
2025-01-24T05:29:57,474 - GPUMemoryUtilization.Percent:0.0|#Level:Host,DeviceId:0|#hostname:Dharaneesh,timestamp:1737676797
2025-01-24T05:29:57,475 - GPUMemoryUsed.Megabytes:0.0|#Level:Host,DeviceId:0|#hostname:Dharaneesh,timestamp:1737676797
2025-01-24T05:29:57,475 - GPUUtilization.Percent:0.0|#Level:Host,DeviceId:0|#hostname:Dharaneesh,timestamp:1737676797
2025-01-24T05:29:57,475 - MemoryAvailable.Megabytes:7513.8046875|#Level:Host|#hostname:Dharaneesh,timestamp:1737676797
2025-01-24T05:29:57,475 - MemoryUsed.Megabytes:8489.79296875|#Level:Host|#hostname:Dharaneesh,timestamp:1737676797
2025-01-24T05:29:57,475 - MemoryUtilization.Percent:53.1|#Level:Host|#hostname:Dharaneesh,timestamp:1737676797
2025-01-24T05:29:59,266 - WorkerLoadTime.Milliseconds:2537.0|#WorkerName:W-9000-emotion_model_1.0,Level:Host|#hostname:Dharaneesh,timestamp:1737676799
2025-01-24T05:29:59,266 - WorkerThreadTime.Milliseconds:0.0|#Level:Host|#hostname:Dharaneesh,timestamp:1737676799
2025-01-24T05:30:07,702 - Requests4XX.Count:1.0|#Level:Host|#hostname:Dharaneesh,timestamp:1737676807
2025-01-24T05:30:45,894 - Requests4XX.Count:1.0|#Level:Host|#hostname:Dharaneesh,timestamp:1737676845
2025-01-24T05:30:59,046 - CPUUtilization.Percent:0.0|#Level:Host|#hostname:Dharaneesh,timestamp:1737676859
2025-01-24T05:30:59,046 - DiskAvailable.Gigabytes:44.98293685913086|#Level:Host|#hostname:Dharaneesh,timestamp:1737676859
2025-01-24T05:30:59,046 - DiskUsage.Gigabytes:150.45096588134766|#Level:Host|#hostname:Dharaneesh,timestamp:1737676859
2025-01-24T05:30:59,056 - DiskUtilization.Percent:77.0|#Level:Host|#hostname:Dharaneesh,timestamp:1737676859
2025-01-24T05:30:59,056 - GPUMemoryUtilization.Percent:0.0|#Level:Host,DeviceId:0|#hostname:Dharaneesh,timestamp:1737676859
2025-01-24T05:30:59,056 - GPUMemoryUsed.Megabytes:0.0|#Level:Host,DeviceId:0|#hostname:Dharaneesh,timestamp:1737676859
2025-01-24T05:30:59,056 - GPUUtilization.Percent:0.0|#Level:Host,DeviceId:0|#hostname:Dharaneesh,timestamp:1737676859
2025-01-24T05:30:59,056 - MemoryAvailable.Megabytes:7344.3828125|#Level:Host|#hostname:Dharaneesh,timestamp:1737676859
2025-01-24T05:30:59,057 - MemoryUsed.Megabytes:8658.75390625|#Level:Host|#hostname:Dharaneesh,timestamp:1737676859
2025-01-24T05:30:59,057 - MemoryUtilization.Percent:54.1|#Level:Host|#hostname:Dharaneesh,timestamp:1737676859
2025-01-24T05:31:00,291 - Requests4XX.Count:1.0|#Level:Host|#hostname:Dharaneesh,timestamp:1737676860
2025-01-24T05:31:59,072 - CPUUtilization.Percent:0.0|#Level:Host|#hostname:Dharaneesh,timestamp:1737676919
2025-01-24T05:31:59,072 - DiskAvailable.Gigabytes:44.982635498046875|#Level:Host|#hostname:Dharaneesh,timestamp:1737676919
2025-01-24T05:31:59,073 - DiskUsage.Gigabytes:150.45126724243164|#Level:Host|#hostname:Dharaneesh,timestamp:1737676919
2025-01-24T05:31:59,073 - DiskUtilization.Percent:77.0|#Level:Host|#hostname:Dharaneesh,timestamp:1737676919
2025-01-24T05:31:59,073 - GPUMemoryUtilization.Percent:0.0|#Level:Host,DeviceId:0|#hostname:Dharaneesh,timestamp:1737676919
2025-01-24T05:31:59,073 - GPUMemoryUsed.Megabytes:0.0|#Level:Host,DeviceId:0|#hostname:Dharaneesh,timestamp:1737676919
2025-01-24T05:31:59,073 - GPUUtilization.Percent:0.0|#Level:Host,DeviceId:0|#hostname:Dharaneesh,timestamp:1737676919
2025-01-24T05:31:59,073 - MemoryAvailable.Megabytes:7207.859375|#Level:Host|#hostname:Dharaneesh,timestamp:1737676919
2025-01-24T05:31:59,074 - MemoryUsed.Megabytes:8795.27734375|#Level:Host|#hostname:Dharaneesh,timestamp:1737676919
2025-01-24T05:31:59,074 - MemoryUtilization.Percent:55.0|#Level:Host|#hostname:Dharaneesh,timestamp:1737676919
2025-01-24T05:32:15,410 - CPUUtilization.Percent:0.0|#Level:Host|#hostname:Dharaneesh,timestamp:1737676935
2025-01-24T05:32:15,411 - DiskAvailable.Gigabytes:44.96759033203125|#Level:Host|#hostname:Dharaneesh,timestamp:1737676935
2025-01-24T05:32:15,412 - DiskUsage.Gigabytes:150.46631240844727|#Level:Host|#hostname:Dharaneesh,timestamp:1737676935
2025-01-24T05:32:15,412 - DiskUtilization.Percent:77.0|#Level:Host|#hostname:Dharaneesh,timestamp:1737676935
2025-01-24T05:32:15,412 - GPUMemoryUtilization.Percent:0.0|#Level:Host,DeviceId:0|#hostname:Dharaneesh,timestamp:1737676935
2025-01-24T05:32:15,413 - GPUMemoryUsed.Megabytes:0.0|#Level:Host,DeviceId:0|#hostname:Dharaneesh,timestamp:1737676935
2025-01-24T05:32:15,413 - GPUUtilization.Percent:0.0|#Level:Host,DeviceId:0|#hostname:Dharaneesh,timestamp:1737676935
2025-01-24T05:32:15,414 - MemoryAvailable.Megabytes:7613.66015625|#Level:Host|#hostname:Dharaneesh,timestamp:1737676935
2025-01-24T05:32:15,414 - MemoryUsed.Megabytes:8392.640625|#Level:Host|#hostname:Dharaneesh,timestamp:1737676935
2025-01-24T05:32:15,414 - MemoryUtilization.Percent:52.4|#Level:Host|#hostname:Dharaneesh,timestamp:1737676935
2025-01-24T05:32:17,078 - WorkerLoadTime.Milliseconds:2653.0|#WorkerName:W-9000-emotion_model_1.0,Level:Host|#hostname:Dharaneesh,timestamp:1737676937
2025-01-24T05:32:17,078 - WorkerThreadTime.Milliseconds:2.0|#Level:Host|#hostname:Dharaneesh,timestamp:1737676937
2025-01-24T05:33:16,753 - CPUUtilization.Percent:0.0|#Level:Host|#hostname:Dharaneesh,timestamp:1737676996
2025-01-24T05:33:16,754 - DiskAvailable.Gigabytes:44.96763610839844|#Level:Host|#hostname:Dharaneesh,timestamp:1737676996
2025-01-24T05:33:16,754 - DiskUsage.Gigabytes:150.46626663208008|#Level:Host|#hostname:Dharaneesh,timestamp:1737676996
2025-01-24T05:33:16,754 - DiskUtilization.Percent:77.0|#Level:Host|#hostname:Dharaneesh,timestamp:1737676996
2025-01-24T05:33:16,754 - GPUMemoryUtilization.Percent:0.0|#Level:Host,DeviceId:0|#hostname:Dharaneesh,timestamp:1737676996
2025-01-24T05:33:16,754 - GPUMemoryUsed.Megabytes:0.0|#Level:Host,DeviceId:0|#hostname:Dharaneesh,timestamp:1737676996
2025-01-24T05:33:16,754 - GPUUtilization.Percent:0.0|#Level:Host,DeviceId:0|#hostname:Dharaneesh,timestamp:1737676996
2025-01-24T05:33:16,754 - MemoryAvailable.Megabytes:7401.5078125|#Level:Host|#hostname:Dharaneesh,timestamp:1737676996
2025-01-24T05:33:16,754 - MemoryUsed.Megabytes:8602.7578125|#Level:Host|#hostname:Dharaneesh,timestamp:1737676996
2025-01-24T05:33:16,754 - MemoryUtilization.Percent:53.8|#Level:Host|#hostname:Dharaneesh,timestamp:1737676996
2025-01-24T05:34:16,760 - CPUUtilization.Percent:0.0|#Level:Host|#hostname:Dharaneesh,timestamp:1737677056
2025-01-24T05:34:16,760 - DiskAvailable.Gigabytes:44.967586517333984|#Level:Host|#hostname:Dharaneesh,timestamp:1737677056
2025-01-24T05:34:16,761 - DiskUsage.Gigabytes:150.46631622314453|#Level:Host|#hostname:Dharaneesh,timestamp:1737677056
2025-01-24T05:34:16,761 - DiskUtilization.Percent:77.0|#Level:Host|#hostname:Dharaneesh,timestamp:1737677056
2025-01-24T05:34:16,761 - GPUMemoryUtilization.Percent:0.0|#Level:Host,DeviceId:0|#hostname:Dharaneesh,timestamp:1737677056
2025-01-24T05:34:16,761 - GPUMemoryUsed.Megabytes:0.0|#Level:Host,DeviceId:0|#hostname:Dharaneesh,timestamp:1737677056
2025-01-24T05:34:16,761 - GPUUtilization.Percent:0.0|#Level:Host,DeviceId:0|#hostname:Dharaneesh,timestamp:1737677056
2025-01-24T05:34:16,762 - MemoryAvailable.Megabytes:7336.46484375|#Level:Host|#hostname:Dharaneesh,timestamp:1737677056
2025-01-24T05:34:16,762 - MemoryUsed.Megabytes:8666.671875|#Level:Host|#hostname:Dharaneesh,timestamp:1737677056
2025-01-24T05:34:16,763 - MemoryUtilization.Percent:54.2|#Level:Host|#hostname:Dharaneesh,timestamp:1737677056
2025-01-24T05:34:19,207 - Requests4XX.Count:1.0|#Level:Host|#hostname:Dharaneesh,timestamp:1737677059
2025-01-24T05:34:47,318 - CPUUtilization.Percent:0.0|#Level:Host|#hostname:Dharaneesh,timestamp:1737677087
2025-01-24T05:34:47,318 - DiskAvailable.Gigabytes:44.95263671875|#Level:Host|#hostname:Dharaneesh,timestamp:1737677087
2025-01-24T05:34:47,318 - DiskUsage.Gigabytes:150.48126602172852|#Level:Host|#hostname:Dharaneesh,timestamp:1737677087
2025-01-24T05:34:47,318 - DiskUtilization.Percent:77.0|#Level:Host|#hostname:Dharaneesh,timestamp:1737677087
2025-01-24T05:34:47,318 - GPUMemoryUtilization.Percent:0.0|#Level:Host,DeviceId:0|#hostname:Dharaneesh,timestamp:1737677087
2025-01-24T05:34:47,318 - GPUMemoryUsed.Megabytes:0.0|#Level:Host,DeviceId:0|#hostname:Dharaneesh,timestamp:1737677087
2025-01-24T05:34:47,318 - GPUUtilization.Percent:0.0|#Level:Host,DeviceId:0|#hostname:Dharaneesh,timestamp:1737677087
2025-01-24T05:34:47,318 - MemoryAvailable.Megabytes:7569.9375|#Level:Host|#hostname:Dharaneesh,timestamp:1737677087
2025-01-24T05:34:47,318 - MemoryUsed.Megabytes:8433.3984375|#Level:Host|#hostname:Dharaneesh,timestamp:1737677087
2025-01-24T05:34:47,318 - MemoryUtilization.Percent:52.7|#Level:Host|#hostname:Dharaneesh,timestamp:1737677087
2025-01-24T05:34:48,576 - WorkerLoadTime.Milliseconds:2436.0|#WorkerName:W-9000-emotion_model_1.0,Level:Host|#hostname:Dharaneesh,timestamp:1737677088
2025-01-24T05:34:48,576 - WorkerThreadTime.Milliseconds:1.0|#Level:Host|#hostname:Dharaneesh,timestamp:1737677088
2025-01-24T05:35:42,954 - CPUUtilization.Percent:0.0|#Level:Host|#hostname:Dharaneesh,timestamp:1737677142
2025-01-24T05:35:42,954 - DiskAvailable.Gigabytes:44.93758773803711|#Level:Host|#hostname:Dharaneesh,timestamp:1737677142
2025-01-24T05:35:42,954 - DiskUsage.Gigabytes:150.4963150024414|#Level:Host|#hostname:Dharaneesh,timestamp:1737677142
2025-01-24T05:35:42,954 - DiskUtilization.Percent:77.0|#Level:Host|#hostname:Dharaneesh,timestamp:1737677142
2025-01-24T05:35:42,954 - GPUMemoryUtilization.Percent:0.0|#Level:Host,DeviceId:0|#hostname:Dharaneesh,timestamp:1737677142
2025-01-24T05:35:42,954 - GPUMemoryUsed.Megabytes:0.0|#Level:Host,DeviceId:0|#hostname:Dharaneesh,timestamp:1737677142
2025-01-24T05:35:42,954 - GPUUtilization.Percent:0.0|#Level:Host,DeviceId:0|#hostname:Dharaneesh,timestamp:1737677142
2025-01-24T05:35:42,954 - MemoryAvailable.Megabytes:7638.49609375|#Level:Host|#hostname:Dharaneesh,timestamp:1737677142
2025-01-24T05:35:42,954 - MemoryUsed.Megabytes:8365.46484375|#Level:Host|#hostname:Dharaneesh,timestamp:1737677142
2025-01-24T05:35:42,954 - MemoryUtilization.Percent:52.3|#Level:Host|#hostname:Dharaneesh,timestamp:1737677142
2025-01-24T05:35:44,183 - WorkerLoadTime.Milliseconds:2431.0|#WorkerName:W-9000-emotion_model_1.0,Level:Host|#hostname:Dharaneesh,timestamp:1737677144
2025-01-24T05:35:44,183 - WorkerThreadTime.Milliseconds:7.0|#Level:Host|#hostname:Dharaneesh,timestamp:1737677144
2025-01-24T05:36:44,089 - CPUUtilization.Percent:0.0|#Level:Host|#hostname:Dharaneesh,timestamp:1737677204
2025-01-24T05:36:44,089 - DiskAvailable.Gigabytes:44.951908111572266|#Level:Host|#hostname:Dharaneesh,timestamp:1737677204
2025-01-24T05:36:44,089 - DiskUsage.Gigabytes:150.48199462890625|#Level:Host|#hostname:Dharaneesh,timestamp:1737677204
2025-01-24T05:36:44,091 - DiskUtilization.Percent:77.0|#Level:Host|#hostname:Dharaneesh,timestamp:1737677204
2025-01-24T05:36:44,091 - GPUMemoryUtilization.Percent:0.0|#Level:Host,DeviceId:0|#hostname:Dharaneesh,timestamp:1737677204
2025-01-24T05:36:44,091 - GPUMemoryUsed.Megabytes:0.0|#Level:Host,DeviceId:0|#hostname:Dharaneesh,timestamp:1737677204
2025-01-24T05:36:44,091 - GPUUtilization.Percent:0.0|#Level:Host,DeviceId:0|#hostname:Dharaneesh,timestamp:1737677204
2025-01-24T05:36:44,092 - MemoryAvailable.Megabytes:7613.84765625|#Level:Host|#hostname:Dharaneesh,timestamp:1737677204
2025-01-24T05:36:44,092 - MemoryUsed.Megabytes:8389.2890625|#Level:Host|#hostname:Dharaneesh,timestamp:1737677204
2025-01-24T05:36:44,092 - MemoryUtilization.Percent:52.4|#Level:Host|#hostname:Dharaneesh,timestamp:1737677204
2025-01-24T05:37:44,087 - CPUUtilization.Percent:0.0|#Level:Host|#hostname:Dharaneesh,timestamp:1737677264
2025-01-24T05:37:44,088 - DiskAvailable.Gigabytes:44.95195770263672|#Level:Host|#hostname:Dharaneesh,timestamp:1737677264
2025-01-24T05:37:44,088 - DiskUsage.Gigabytes:150.4819450378418|#Level:Host|#hostname:Dharaneesh,timestamp:1737677264
2025-01-24T05:37:44,088 - DiskUtilization.Percent:77.0|#Level:Host|#hostname:Dharaneesh,timestamp:1737677264
2025-01-24T05:37:44,089 - GPUMemoryUtilization.Percent:0.0|#Level:Host,DeviceId:0|#hostname:Dharaneesh,timestamp:1737677264
2025-01-24T05:37:44,089 - GPUMemoryUsed.Megabytes:0.0|#Level:Host,DeviceId:0|#hostname:Dharaneesh,timestamp:1737677264
2025-01-24T05:37:44,089 - GPUUtilization.Percent:0.0|#Level:Host,DeviceId:0|#hostname:Dharaneesh,timestamp:1737677264
2025-01-24T05:37:44,089 - MemoryAvailable.Megabytes:7602.0|#Level:Host|#hostname:Dharaneesh,timestamp:1737677264
2025-01-24T05:37:44,089 - MemoryUsed.Megabytes:8401.13671875|#Level:Host|#hostname:Dharaneesh,timestamp:1737677264
2025-01-24T05:37:44,089 - MemoryUtilization.Percent:52.5|#Level:Host|#hostname:Dharaneesh,timestamp:1737677264
2025-01-24T05:38:42,915 - CPUUtilization.Percent:9.1|#Level:Host|#hostname:Dharaneesh,timestamp:1737677322
2025-01-24T05:38:42,915 - DiskAvailable.Gigabytes:44.936805725097656|#Level:Host|#hostname:Dharaneesh,timestamp:1737677322
2025-01-24T05:38:42,915 - DiskUsage.Gigabytes:150.49709701538086|#Level:Host|#hostname:Dharaneesh,timestamp:1737677322
2025-01-24T05:38:42,915 - DiskUtilization.Percent:77.0|#Level:Host|#hostname:Dharaneesh,timestamp:1737677322
2025-01-24T05:38:42,915 - GPUMemoryUtilization.Percent:0.0|#Level:Host,DeviceId:0|#hostname:Dharaneesh,timestamp:1737677322
2025-01-24T05:38:42,915 - GPUMemoryUsed.Megabytes:0.0|#Level:Host,DeviceId:0|#hostname:Dharaneesh,timestamp:1737677322
2025-01-24T05:38:42,915 - GPUUtilization.Percent:0.0|#Level:Host,DeviceId:0|#hostname:Dharaneesh,timestamp:1737677322
2025-01-24T05:38:42,915 - MemoryAvailable.Megabytes:7814.890625|#Level:Host|#hostname:Dharaneesh,timestamp:1737677322
2025-01-24T05:38:42,915 - MemoryUsed.Megabytes:8188.2578125|#Level:Host|#hostname:Dharaneesh,timestamp:1737677322
2025-01-24T05:38:42,915 - MemoryUtilization.Percent:51.2|#Level:Host|#hostname:Dharaneesh,timestamp:1737677322
2025-01-24T05:38:44,185 - WorkerLoadTime.Milliseconds:2441.0|#WorkerName:W-9000-emotion_model_1.0,Level:Host|#hostname:Dharaneesh,timestamp:1737677324
2025-01-24T05:38:44,185 - WorkerThreadTime.Milliseconds:0.0|#Level:Host|#hostname:Dharaneesh,timestamp:1737677324
2025-01-24T05:39:06,765 - CPUUtilization.Percent:0.0|#Level:Host|#hostname:Dharaneesh,timestamp:1737677346
2025-01-24T05:39:06,765 - DiskAvailable.Gigabytes:44.921714782714844|#Level:Host|#hostname:Dharaneesh,timestamp:1737677346
2025-01-24T05:39:06,765 - DiskUsage.Gigabytes:150.51218795776367|#Level:Host|#hostname:Dharaneesh,timestamp:1737677346
2025-01-24T05:39:06,765 - DiskUtilization.Percent:77.0|#Level:Host|#hostname:Dharaneesh,timestamp:1737677346
2025-01-24T05:39:06,765 - GPUMemoryUtilization.Percent:0.0|#Level:Host,DeviceId:0|#hostname:Dharaneesh,timestamp:1737677346
2025-01-24T05:39:06,765 - GPUMemoryUsed.Megabytes:0.0|#Level:Host,DeviceId:0|#hostname:Dharaneesh,timestamp:1737677346
2025-01-24T05:39:06,765 - GPUUtilization.Percent:0.0|#Level:Host,DeviceId:0|#hostname:Dharaneesh,timestamp:1737677346
2025-01-24T05:39:06,765 - MemoryAvailable.Megabytes:7817.90625|#Level:Host|#hostname:Dharaneesh,timestamp:1737677346
2025-01-24T05:39:06,765 - MemoryUsed.Megabytes:8185.24609375|#Level:Host|#hostname:Dharaneesh,timestamp:1737677346
2025-01-24T05:39:06,765 - MemoryUtilization.Percent:51.1|#Level:Host|#hostname:Dharaneesh,timestamp:1737677346
2025-01-24T05:39:08,309 - WorkerLoadTime.Milliseconds:2334.0|#WorkerName:W-9000-emotion_model_1.0,Level:Host|#hostname:Dharaneesh,timestamp:1737677348
2025-01-24T05:39:08,309 - WorkerThreadTime.Milliseconds:7.0|#Level:Host|#hostname:Dharaneesh,timestamp:1737677348
2025-01-24T09:08:02,711 - CPUUtilization.Percent:0.0|#Level:Host|#hostname:Dharaneesh,timestamp:1737689882
2025-01-24T09:08:02,721 - DiskAvailable.Gigabytes:45.72635269165039|#Level:Host|#hostname:Dharaneesh,timestamp:1737689882
2025-01-24T09:08:02,721 - DiskUsage.Gigabytes:149.70755004882812|#Level:Host|#hostname:Dharaneesh,timestamp:1737689882
2025-01-24T09:08:02,721 - DiskUtilization.Percent:76.6|#Level:Host|#hostname:Dharaneesh,timestamp:1737689882
2025-01-24T09:08:02,721 - GPUMemoryUtilization.Percent:0.0|#Level:Host,DeviceId:0|#hostname:Dharaneesh,timestamp:1737689882
2025-01-24T09:08:02,721 - GPUMemoryUsed.Megabytes:0.0|#Level:Host,DeviceId:0|#hostname:Dharaneesh,timestamp:1737689882
2025-01-24T09:08:02,721 - GPUUtilization.Percent:0.0|#Level:Host,DeviceId:0|#hostname:Dharaneesh,timestamp:1737689882
2025-01-24T09:08:02,721 - MemoryAvailable.Megabytes:6926.53125|#Level:Host|#hostname:Dharaneesh,timestamp:1737689882
2025-01-24T09:08:02,721 - MemoryUsed.Megabytes:9077.0625|#Level:Host|#hostname:Dharaneesh,timestamp:1737689882
2025-01-24T09:08:02,721 - MemoryUtilization.Percent:56.7|#Level:Host|#hostname:Dharaneesh,timestamp:1737689882
2025-01-24T09:08:04,322 - WorkerLoadTime.Milliseconds:2421.0|#WorkerName:W-9000-emotion_model_1.0,Level:Host|#hostname:Dharaneesh,timestamp:1737689884
2025-01-24T09:08:04,322 - WorkerThreadTime.Milliseconds:1.0|#Level:Host|#hostname:Dharaneesh,timestamp:1737689884
2025-01-24T09:08:31,253 - Requests4XX.Count:1.0|#Level:Host|#hostname:Dharaneesh,timestamp:1737689911
2025-01-24T09:08:54,013 - ts_inference_requests_total.Count:1.0|#model_name:emotion_model,model_version:default|#hostname:Dharaneesh,timestamp:1737689934
2025-01-24T09:08:54,036 - Requests2XX.Count:1.0|#Level:Host|#hostname:Dharaneesh,timestamp:1737689934
2025-01-24T09:08:54,037 - ts_inference_latency_microseconds.Microseconds:21467.5|#model_name:emotion_model,model_version:default|#hostname:Dharaneesh,timestamp:1737689934
2025-01-24T09:08:54,037 - ts_queue_latency_microseconds.Microseconds:116.3|#model_name:emotion_model,model_version:default|#hostname:Dharaneesh,timestamp:1737689934
2025-01-24T09:08:54,038 - QueueTime.Milliseconds:0.0|#Level:Host|#hostname:Dharaneesh,timestamp:1737689934
2025-01-24T09:08:54,038 - WorkerThreadTime.Milliseconds:3.0|#Level:Host|#hostname:Dharaneesh,timestamp:1737689934
2025-01-24T09:09:04,249 - CPUUtilization.Percent:0.0|#Level:Host|#hostname:Dharaneesh,timestamp:1737689944
2025-01-24T09:09:04,249 - DiskAvailable.Gigabytes:45.726173400878906|#Level:Host|#hostname:Dharaneesh,timestamp:1737689944
2025-01-24T09:09:04,249 - DiskUsage.Gigabytes:149.7077293395996|#Level:Host|#hostname:Dharaneesh,timestamp:1737689944
2025-01-24T09:09:04,249 - DiskUtilization.Percent:76.6|#Level:Host|#hostname:Dharaneesh,timestamp:1737689944
2025-01-24T09:09:04,249 - GPUMemoryUtilization.Percent:0.0|#Level:Host,DeviceId:0|#hostname:Dharaneesh,timestamp:1737689944
2025-01-24T09:09:04,249 - GPUMemoryUsed.Megabytes:0.0|#Level:Host,DeviceId:0|#hostname:Dharaneesh,timestamp:1737689944
2025-01-24T09:09:04,249 - GPUUtilization.Percent:0.0|#Level:Host,DeviceId:0|#hostname:Dharaneesh,timestamp:1737689944
2025-01-24T09:09:04,249 - MemoryAvailable.Megabytes:6710.26171875|#Level:Host|#hostname:Dharaneesh,timestamp:1737689944
2025-01-24T09:09:04,249 - MemoryUsed.Megabytes:9292.875|#Level:Host|#hostname:Dharaneesh,timestamp:1737689944
2025-01-24T09:09:04,249 - MemoryUtilization.Percent:58.1|#Level:Host|#hostname:Dharaneesh,timestamp:1737689944
2025-01-24T09:10:04,235 - CPUUtilization.Percent:0.0|#Level:Host|#hostname:Dharaneesh,timestamp:1737690004
2025-01-24T09:10:04,235 - DiskAvailable.Gigabytes:45.72614288330078|#Level:Host|#hostname:Dharaneesh,timestamp:1737690004
2025-01-24T09:10:04,246 - DiskUsage.Gigabytes:149.70775985717773|#Level:Host|#hostname:Dharaneesh,timestamp:1737690004
2025-01-24T09:10:04,246 - DiskUtilization.Percent:76.6|#Level:Host|#hostname:Dharaneesh,timestamp:1737690004
2025-01-24T09:10:04,246 - GPUMemoryUtilization.Percent:0.0|#Level:Host,DeviceId:0|#hostname:Dharaneesh,timestamp:1737690004
2025-01-24T09:10:04,246 - GPUMemoryUsed.Megabytes:0.0|#Level:Host,DeviceId:0|#hostname:Dharaneesh,timestamp:1737690004
2025-01-24T09:10:04,246 - GPUUtilization.Percent:0.0|#Level:Host,DeviceId:0|#hostname:Dharaneesh,timestamp:1737690004
2025-01-24T09:10:04,246 - MemoryAvailable.Megabytes:6712.67578125|#Level:Host|#hostname:Dharaneesh,timestamp:1737690004
2025-01-24T09:10:04,246 - MemoryUsed.Megabytes:9290.4609375|#Level:Host|#hostname:Dharaneesh,timestamp:1737690004
2025-01-24T09:10:04,246 - MemoryUtilization.Percent:58.1|#Level:Host|#hostname:Dharaneesh,timestamp:1737690004
2025-01-24T09:10:12,403 - ts_inference_requests_total.Count:1.0|#model_name:emotion_model,model_version:default|#hostname:Dharaneesh,timestamp:1737690012
2025-01-24T09:10:12,421 - Requests2XX.Count:1.0|#Level:Host|#hostname:Dharaneesh,timestamp:1737690012
2025-01-24T09:10:12,421 - ts_inference_latency_microseconds.Microseconds:11681.3|#model_name:emotion_model,model_version:default|#hostname:Dharaneesh,timestamp:1737690012
2025-01-24T09:10:12,422 - ts_queue_latency_microseconds.Microseconds:53.0|#model_name:emotion_model,model_version:default|#hostname:Dharaneesh,timestamp:1737690012
2025-01-24T09:10:12,422 - QueueTime.Milliseconds:0.0|#Level:Host|#hostname:Dharaneesh,timestamp:1737690012
2025-01-24T09:10:12,422 - WorkerThreadTime.Milliseconds:2.0|#Level:Host|#hostname:Dharaneesh,timestamp:1737690012
2025-01-24T09:11:04,266 - CPUUtilization.Percent:0.0|#Level:Host|#hostname:Dharaneesh,timestamp:1737690064
2025-01-24T09:11:04,266 - DiskAvailable.Gigabytes:45.725860595703125|#Level:Host|#hostname:Dharaneesh,timestamp:1737690064
2025-01-24T09:11:04,267 - DiskUsage.Gigabytes:149.7080421447754|#Level:Host|#hostname:Dharaneesh,timestamp:1737690064
2025-01-24T09:11:04,267 - DiskUtilization.Percent:76.6|#Level:Host|#hostname:Dharaneesh,timestamp:1737690064
2025-01-24T09:11:04,267 - GPUMemoryUtilization.Percent:0.0|#Level:Host,DeviceId:0|#hostname:Dharaneesh,timestamp:1737690064
2025-01-24T09:11:04,267 - GPUMemoryUsed.Megabytes:0.0|#Level:Host,DeviceId:0|#hostname:Dharaneesh,timestamp:1737690064
2025-01-24T09:11:04,267 - GPUUtilization.Percent:0.0|#Level:Host,DeviceId:0|#hostname:Dharaneesh,timestamp:1737690064
2025-01-24T09:11:04,268 - MemoryAvailable.Megabytes:6512.98828125|#Level:Host|#hostname:Dharaneesh,timestamp:1737690064
2025-01-24T09:11:04,268 - MemoryUsed.Megabytes:9490.1484375|#Level:Host|#hostname:Dharaneesh,timestamp:1737690064
2025-01-24T09:11:04,268 - MemoryUtilization.Percent:59.3|#Level:Host|#hostname:Dharaneesh,timestamp:1737690064
2025-01-24T09:12:04,298 - CPUUtilization.Percent:0.0|#Level:Host|#hostname:Dharaneesh,timestamp:1737690124
2025-01-24T09:12:04,298 - DiskAvailable.Gigabytes:45.71896743774414|#Level:Host|#hostname:Dharaneesh,timestamp:1737690124
2025-01-24T09:12:04,298 - DiskUsage.Gigabytes:149.71493530273438|#Level:Host|#hostname:Dharaneesh,timestamp:1737690124
2025-01-24T09:12:04,298 - DiskUtilization.Percent:76.6|#Level:Host|#hostname:Dharaneesh,timestamp:1737690124
2025-01-24T09:12:04,298 - GPUMemoryUtilization.Percent:0.0|#Level:Host,DeviceId:0|#hostname:Dharaneesh,timestamp:1737690124
2025-01-24T09:12:04,298 - GPUMemoryUsed.Megabytes:0.0|#Level:Host,DeviceId:0|#hostname:Dharaneesh,timestamp:1737690124
2025-01-24T09:12:04,298 - GPUUtilization.Percent:0.0|#Level:Host,DeviceId:0|#hostname:Dharaneesh,timestamp:1737690124
2025-01-24T09:12:04,298 - MemoryAvailable.Megabytes:6558.94140625|#Level:Host|#hostname:Dharaneesh,timestamp:1737690124
2025-01-24T09:12:04,298 - MemoryUsed.Megabytes:9444.375|#Level:Host|#hostname:Dharaneesh,timestamp:1737690124
2025-01-24T09:12:04,298 - MemoryUtilization.Percent:59.0|#Level:Host|#hostname:Dharaneesh,timestamp:1737690124
2025-01-24T09:13:04,254 - CPUUtilization.Percent:0.0|#Level:Host|#hostname:Dharaneesh,timestamp:1737690184
2025-01-24T09:13:04,254 - DiskAvailable.Gigabytes:45.71879959106445|#Level:Host|#hostname:Dharaneesh,timestamp:1737690184
2025-01-24T09:13:04,255 - DiskUsage.Gigabytes:149.71510314941406|#Level:Host|#hostname:Dharaneesh,timestamp:1737690184
2025-01-24T09:13:04,255 - DiskUtilization.Percent:76.6|#Level:Host|#hostname:Dharaneesh,timestamp:1737690184
2025-01-24T09:13:04,255 - GPUMemoryUtilization.Percent:0.0|#Level:Host,DeviceId:0|#hostname:Dharaneesh,timestamp:1737690184
2025-01-24T09:13:04,255 - GPUMemoryUsed.Megabytes:0.0|#Level:Host,DeviceId:0|#hostname:Dharaneesh,timestamp:1737690184
2025-01-24T09:13:04,255 - GPUUtilization.Percent:0.0|#Level:Host,DeviceId:0|#hostname:Dharaneesh,timestamp:1737690184
2025-01-24T09:13:04,256 - MemoryAvailable.Megabytes:6516.8984375|#Level:Host|#hostname:Dharaneesh,timestamp:1737690184
2025-01-24T09:13:04,256 - MemoryUsed.Megabytes:9489.52734375|#Level:Host|#hostname:Dharaneesh,timestamp:1737690184
2025-01-24T09:13:04,256 - MemoryUtilization.Percent:59.3|#Level:Host|#hostname:Dharaneesh,timestamp:1737690184
2025-01-24T09:14:04,242 - CPUUtilization.Percent:0.0|#Level:Host|#hostname:Dharaneesh,timestamp:1737690244
2025-01-24T09:14:04,242 - DiskAvailable.Gigabytes:45.7178840637207|#Level:Host|#hostname:Dharaneesh,timestamp:1737690244
2025-01-24T09:14:04,242 - DiskUsage.Gigabytes:149.7160186767578|#Level:Host|#hostname:Dharaneesh,timestamp:1737690244
2025-01-24T09:14:04,242 - DiskUtilization.Percent:76.6|#Level:Host|#hostname:Dharaneesh,timestamp:1737690244
2025-01-24T09:14:04,242 - GPUMemoryUtilization.Percent:0.0|#Level:Host,DeviceId:0|#hostname:Dharaneesh,timestamp:1737690244
2025-01-24T09:14:04,242 - GPUMemoryUsed.Megabytes:0.0|#Level:Host,DeviceId:0|#hostname:Dharaneesh,timestamp:1737690244
2025-01-24T09:14:04,242 - GPUUtilization.Percent:0.0|#Level:Host,DeviceId:0|#hostname:Dharaneesh,timestamp:1737690244
2025-01-24T09:14:04,242 - MemoryAvailable.Megabytes:6585.93359375|#Level:Host|#hostname:Dharaneesh,timestamp:1737690244
2025-01-24T09:14:04,242 - MemoryUsed.Megabytes:9417.203125|#Level:Host|#hostname:Dharaneesh,timestamp:1737690244
2025-01-24T09:14:04,242 - MemoryUtilization.Percent:58.8|#Level:Host|#hostname:Dharaneesh,timestamp:1737690244
2025-01-24T09:18:16,174 - CPUUtilization.Percent:0.0|#Level:Host|#hostname:Dharaneesh,timestamp:1737690496
2025-01-24T09:18:16,174 - DiskAvailable.Gigabytes:45.64400100708008|#Level:Host|#hostname:Dharaneesh,timestamp:1737690496
2025-01-24T09:18:16,174 - DiskUsage.Gigabytes:149.78990173339844|#Level:Host|#hostname:Dharaneesh,timestamp:1737690496
2025-01-24T09:18:16,174 - DiskUtilization.Percent:76.6|#Level:Host|#hostname:Dharaneesh,timestamp:1737690496
2025-01-24T09:18:16,174 - GPUMemoryUtilization.Percent:0.0|#Level:Host,DeviceId:0|#hostname:Dharaneesh,timestamp:1737690496
2025-01-24T09:18:16,174 - GPUMemoryUsed.Megabytes:0.0|#Level:Host,DeviceId:0|#hostname:Dharaneesh,timestamp:1737690496
2025-01-24T09:18:16,174 - GPUUtilization.Percent:0.0|#Level:Host,DeviceId:0|#hostname:Dharaneesh,timestamp:1737690496
2025-01-24T09:18:16,174 - MemoryAvailable.Megabytes:6825.72265625|#Level:Host|#hostname:Dharaneesh,timestamp:1737690496
2025-01-24T09:18:16,174 - MemoryUsed.Megabytes:9177.34375|#Level:Host|#hostname:Dharaneesh,timestamp:1737690496
2025-01-24T09:18:16,174 - MemoryUtilization.Percent:57.4|#Level:Host|#hostname:Dharaneesh,timestamp:1737690496
2025-01-24T09:19:25,978 - CPUUtilization.Percent:0.0|#Level:Host|#hostname:Dharaneesh,timestamp:1737690565
2025-01-24T09:19:25,978 - DiskAvailable.Gigabytes:45.62823486328125|#Level:Host|#hostname:Dharaneesh,timestamp:1737690565
2025-01-24T09:19:25,978 - DiskUsage.Gigabytes:149.80566787719727|#Level:Host|#hostname:Dharaneesh,timestamp:1737690565
2025-01-24T09:19:25,978 - DiskUtilization.Percent:76.7|#Level:Host|#hostname:Dharaneesh,timestamp:1737690565
2025-01-24T09:19:25,978 - GPUMemoryUtilization.Percent:0.0|#Level:Host,DeviceId:0|#hostname:Dharaneesh,timestamp:1737690565
2025-01-24T09:19:25,978 - GPUMemoryUsed.Megabytes:0.0|#Level:Host,DeviceId:0|#hostname:Dharaneesh,timestamp:1737690565
2025-01-24T09:19:25,978 - GPUUtilization.Percent:0.0|#Level:Host,DeviceId:0|#hostname:Dharaneesh,timestamp:1737690565
2025-01-24T09:19:25,978 - MemoryAvailable.Megabytes:6829.90625|#Level:Host|#hostname:Dharaneesh,timestamp:1737690565
2025-01-24T09:19:25,978 - MemoryUsed.Megabytes:9173.23046875|#Level:Host|#hostname:Dharaneesh,timestamp:1737690565
2025-01-24T09:19:25,978 - MemoryUtilization.Percent:57.3|#Level:Host|#hostname:Dharaneesh,timestamp:1737690565
2025-01-24T09:19:27,639 - WorkerLoadTime.Milliseconds:2396.0|#WorkerName:W-9000-emotion_model_1.0,Level:Host|#hostname:Dharaneesh,timestamp:1737690567
2025-01-24T09:19:27,639 - WorkerThreadTime.Milliseconds:1.0|#Level:Host|#hostname:Dharaneesh,timestamp:1737690567
2025-01-24T09:19:48,787 - ts_inference_requests_total.Count:1.0|#model_name:emotion_model,model_version:default|#hostname:Dharaneesh,timestamp:1737690588
2025-01-24T09:19:48,815 - Requests2XX.Count:1.0|#Level:Host|#hostname:Dharaneesh,timestamp:1737690588
2025-01-24T09:19:48,816 - ts_inference_latency_microseconds.Microseconds:22394.0|#model_name:emotion_model,model_version:default|#hostname:Dharaneesh,timestamp:1737690588
2025-01-24T09:19:48,816 - ts_queue_latency_microseconds.Microseconds:158.9|#model_name:emotion_model,model_version:default|#hostname:Dharaneesh,timestamp:1737690588
2025-01-24T09:19:48,816 - QueueTime.Milliseconds:0.0|#Level:Host|#hostname:Dharaneesh,timestamp:1737690588
2025-01-24T09:19:48,816 - WorkerThreadTime.Milliseconds:2.0|#Level:Host|#hostname:Dharaneesh,timestamp:1737690588
2025-01-24T09:20:27,589 - CPUUtilization.Percent:0.0|#Level:Host|#hostname:Dharaneesh,timestamp:1737690627
2025-01-24T09:20:27,589 - DiskAvailable.Gigabytes:45.6309700012207|#Level:Host|#hostname:Dharaneesh,timestamp:1737690627
2025-01-24T09:20:27,589 - DiskUsage.Gigabytes:149.8029327392578|#Level:Host|#hostname:Dharaneesh,timestamp:1737690627
2025-01-24T09:20:27,589 - DiskUtilization.Percent:76.7|#Level:Host|#hostname:Dharaneesh,timestamp:1737690627
2025-01-24T09:20:27,589 - GPUMemoryUtilization.Percent:0.0|#Level:Host,DeviceId:0|#hostname:Dharaneesh,timestamp:1737690627
2025-01-24T09:20:27,589 - GPUMemoryUsed.Megabytes:0.0|#Level:Host,DeviceId:0|#hostname:Dharaneesh,timestamp:1737690627
2025-01-24T09:20:27,589 - GPUUtilization.Percent:0.0|#Level:Host,DeviceId:0|#hostname:Dharaneesh,timestamp:1737690627
2025-01-24T09:20:27,589 - MemoryAvailable.Megabytes:6557.4375|#Level:Host|#hostname:Dharaneesh,timestamp:1737690627
2025-01-24T09:20:27,589 - MemoryUsed.Megabytes:9445.69921875|#Level:Host|#hostname:Dharaneesh,timestamp:1737690627
2025-01-24T09:20:27,589 - MemoryUtilization.Percent:59.0|#Level:Host|#hostname:Dharaneesh,timestamp:1737690627
2025-01-24T09:31:14,591 - CPUUtilization.Percent:0.0|#Level:Host|#hostname:Dharaneesh,timestamp:1737691274
2025-01-24T09:31:14,592 - DiskAvailable.Gigabytes:45.61009216308594|#Level:Host|#hostname:Dharaneesh,timestamp:1737691274
2025-01-24T09:31:14,592 - DiskUsage.Gigabytes:149.82381057739258|#Level:Host|#hostname:Dharaneesh,timestamp:1737691274
2025-01-24T09:31:14,592 - DiskUtilization.Percent:76.7|#Level:Host|#hostname:Dharaneesh,timestamp:1737691274
2025-01-24T09:31:14,593 - GPUMemoryUtilization.Percent:0.0|#Level:Host,DeviceId:0|#hostname:Dharaneesh,timestamp:1737691274
2025-01-24T09:31:14,593 - GPUMemoryUsed.Megabytes:0.0|#Level:Host,DeviceId:0|#hostname:Dharaneesh,timestamp:1737691274
2025-01-24T09:31:14,593 - GPUUtilization.Percent:0.0|#Level:Host,DeviceId:0|#hostname:Dharaneesh,timestamp:1737691274
2025-01-24T09:31:14,593 - MemoryAvailable.Megabytes:6329.94921875|#Level:Host|#hostname:Dharaneesh,timestamp:1737691274
2025-01-24T09:31:14,594 - MemoryUsed.Megabytes:9673.71875|#Level:Host|#hostname:Dharaneesh,timestamp:1737691274
2025-01-24T09:31:14,594 - MemoryUtilization.Percent:60.5|#Level:Host|#hostname:Dharaneesh,timestamp:1737691274
2025-01-24T09:31:15,739 - WorkerLoadTime.Milliseconds:2345.0|#WorkerName:W-9000-emotion_model_1.0,Level:Host|#hostname:Dharaneesh,timestamp:1737691275
2025-01-24T09:31:15,749 - WorkerThreadTime.Milliseconds:1.0|#Level:Host|#hostname:Dharaneesh,timestamp:1737691275
2025-01-24T09:31:19,887 - Requests4XX.Count:1.0|#Level:Host|#hostname:Dharaneesh,timestamp:1737691279
2025-01-24T09:31:32,996 - Requests4XX.Count:1.0|#Level:Host|#hostname:Dharaneesh,timestamp:1737691292
2025-01-24T09:31:38,028 - Requests4XX.Count:1.0|#Level:Host|#hostname:Dharaneesh,timestamp:1737691298
2025-01-24T09:32:10,543 - Requests4XX.Count:1.0|#Level:Host|#hostname:Dharaneesh,timestamp:1737691330
2025-01-24T09:32:15,735 - CPUUtilization.Percent:0.0|#Level:Host|#hostname:Dharaneesh,timestamp:1737691335
2025-01-24T09:32:15,735 - DiskAvailable.Gigabytes:45.61008071899414|#Level:Host|#hostname:Dharaneesh,timestamp:1737691335
2025-01-24T09:32:15,735 - DiskUsage.Gigabytes:149.82382202148438|#Level:Host|#hostname:Dharaneesh,timestamp:1737691335
2025-01-24T09:32:15,735 - DiskUtilization.Percent:76.7|#Level:Host|#hostname:Dharaneesh,timestamp:1737691335
2025-01-24T09:32:15,735 - GPUMemoryUtilization.Percent:0.0|#Level:Host,DeviceId:0|#hostname:Dharaneesh,timestamp:1737691335
2025-01-24T09:32:15,735 - GPUMemoryUsed.Megabytes:0.0|#Level:Host,DeviceId:0|#hostname:Dharaneesh,timestamp:1737691335
2025-01-24T09:32:15,735 - GPUUtilization.Percent:0.0|#Level:Host,DeviceId:0|#hostname:Dharaneesh,timestamp:1737691335
2025-01-24T09:32:15,735 - MemoryAvailable.Megabytes:6004.63671875|#Level:Host|#hostname:Dharaneesh,timestamp:1737691335
2025-01-24T09:32:15,735 - MemoryUsed.Megabytes:9999.76171875|#Level:Host|#hostname:Dharaneesh,timestamp:1737691335
2025-01-24T09:32:15,735 - MemoryUtilization.Percent:62.5|#Level:Host|#hostname:Dharaneesh,timestamp:1737691335
2025-01-24T09:33:00,663 - CPUUtilization.Percent:0.0|#Level:Host|#hostname:Dharaneesh,timestamp:1737691380
2025-01-24T09:33:00,663 - DiskAvailable.Gigabytes:45.61040496826172|#Level:Host|#hostname:Dharaneesh,timestamp:1737691380
2025-01-24T09:33:00,663 - DiskUsage.Gigabytes:149.8234977722168|#Level:Host|#hostname:Dharaneesh,timestamp:1737691380
2025-01-24T09:33:00,663 - DiskUtilization.Percent:76.7|#Level:Host|#hostname:Dharaneesh,timestamp:1737691380
2025-01-24T09:33:00,663 - GPUMemoryUtilization.Percent:0.0|#Level:Host,DeviceId:0|#hostname:Dharaneesh,timestamp:1737691380
2025-01-24T09:33:00,663 - GPUMemoryUsed.Megabytes:0.0|#Level:Host,DeviceId:0|#hostname:Dharaneesh,timestamp:1737691380
2025-01-24T09:33:00,663 - GPUUtilization.Percent:0.0|#Level:Host,DeviceId:0|#hostname:Dharaneesh,timestamp:1737691380
2025-01-24T09:33:00,663 - MemoryAvailable.Megabytes:6778.1015625|#Level:Host|#hostname:Dharaneesh,timestamp:1737691380
2025-01-24T09:33:00,663 - MemoryUsed.Megabytes:9229.6015625|#Level:Host|#hostname:Dharaneesh,timestamp:1737691380
2025-01-24T09:33:00,663 - MemoryUtilization.Percent:57.7|#Level:Host|#hostname:Dharaneesh,timestamp:1737691380
2025-01-24T09:33:39,912 - Requests4XX.Count:1.0|#Level:Host|#hostname:Dharaneesh,timestamp:1737691419
2025-01-24T09:33:47,660 - Requests4XX.Count:1.0|#Level:Host|#hostname:Dharaneesh,timestamp:1737691427
2025-01-24T09:33:51,194 - Requests4XX.Count:1.0|#Level:Host|#hostname:Dharaneesh,timestamp:1737691431
2025-01-24T09:34:01,819 - CPUUtilization.Percent:0.0|#Level:Host|#hostname:Dharaneesh,timestamp:1737691441
2025-01-24T09:34:01,829 - DiskAvailable.Gigabytes:45.61333465576172|#Level:Host|#hostname:Dharaneesh,timestamp:1737691441
2025-01-24T09:34:01,829 - DiskUsage.Gigabytes:149.8205680847168|#Level:Host|#hostname:Dharaneesh,timestamp:1737691441
2025-01-24T09:34:01,829 - DiskUtilization.Percent:76.7|#Level:Host|#hostname:Dharaneesh,timestamp:1737691441
2025-01-24T09:34:01,829 - GPUMemoryUtilization.Percent:0.0|#Level:Host,DeviceId:0|#hostname:Dharaneesh,timestamp:1737691441
2025-01-24T09:34:01,829 - GPUMemoryUsed.Megabytes:0.0|#Level:Host,DeviceId:0|#hostname:Dharaneesh,timestamp:1737691441
2025-01-24T09:34:01,829 - GPUUtilization.Percent:0.0|#Level:Host,DeviceId:0|#hostname:Dharaneesh,timestamp:1737691441
2025-01-24T09:34:01,829 - MemoryAvailable.Megabytes:6823.33984375|#Level:Host|#hostname:Dharaneesh,timestamp:1737691441
2025-01-24T09:34:01,829 - MemoryUsed.Megabytes:9180.26171875|#Level:Host|#hostname:Dharaneesh,timestamp:1737691441
2025-01-24T09:34:01,829 - MemoryUtilization.Percent:57.4|#Level:Host|#hostname:Dharaneesh,timestamp:1737691441
2025-01-24T09:35:03,515 - CPUUtilization.Percent:0.0|#Level:Host|#hostname:Dharaneesh,timestamp:1737691503
2025-01-24T09:35:03,515 - DiskAvailable.Gigabytes:45.610530853271484|#Level:Host|#hostname:Dharaneesh,timestamp:1737691503
2025-01-24T09:35:03,525 - DiskUsage.Gigabytes:149.82337188720703|#Level:Host|#hostname:Dharaneesh,timestamp:1737691503
2025-01-24T09:35:03,525 - DiskUtilization.Percent:76.7|#Level:Host|#hostname:Dharaneesh,timestamp:1737691503
2025-01-24T09:35:03,525 - GPUMemoryUtilization.Percent:0.0|#Level:Host,DeviceId:0|#hostname:Dharaneesh,timestamp:1737691503
2025-01-24T09:35:03,525 - GPUMemoryUsed.Megabytes:0.0|#Level:Host,DeviceId:0|#hostname:Dharaneesh,timestamp:1737691503
2025-01-24T09:35:03,525 - GPUUtilization.Percent:0.0|#Level:Host,DeviceId:0|#hostname:Dharaneesh,timestamp:1737691503
2025-01-24T09:35:03,525 - MemoryAvailable.Megabytes:7058.51953125|#Level:Host|#hostname:Dharaneesh,timestamp:1737691503
2025-01-24T09:35:03,525 - MemoryUsed.Megabytes:8944.6171875|#Level:Host|#hostname:Dharaneesh,timestamp:1737691503
2025-01-24T09:35:03,525 - MemoryUtilization.Percent:55.9|#Level:Host|#hostname:Dharaneesh,timestamp:1737691503
2025-01-24T09:37:11,607 - CPUUtilization.Percent:0.0|#Level:Host|#hostname:Dharaneesh,timestamp:1737691631
2025-01-24T09:37:11,617 - DiskAvailable.Gigabytes:45.58127975463867|#Level:Host|#hostname:Dharaneesh,timestamp:1737691631
2025-01-24T09:37:11,617 - DiskUsage.Gigabytes:149.85262298583984|#Level:Host|#hostname:Dharaneesh,timestamp:1737691631
2025-01-24T09:37:11,617 - DiskUtilization.Percent:76.7|#Level:Host|#hostname:Dharaneesh,timestamp:1737691631
2025-01-24T09:37:11,617 - GPUMemoryUtilization.Percent:0.0|#Level:Host,DeviceId:0|#hostname:Dharaneesh,timestamp:1737691631
2025-01-24T09:37:11,617 - GPUMemoryUsed.Megabytes:0.0|#Level:Host,DeviceId:0|#hostname:Dharaneesh,timestamp:1737691631
2025-01-24T09:37:11,617 - GPUUtilization.Percent:0.0|#Level:Host,DeviceId:0|#hostname:Dharaneesh,timestamp:1737691631
2025-01-24T09:37:11,617 - MemoryAvailable.Megabytes:6789.03125|#Level:Host|#hostname:Dharaneesh,timestamp:1737691631
2025-01-24T09:37:11,617 - MemoryUsed.Megabytes:9215.234375|#Level:Host|#hostname:Dharaneesh,timestamp:1737691631
2025-01-24T09:37:11,617 - MemoryUtilization.Percent:57.6|#Level:Host|#hostname:Dharaneesh,timestamp:1737691631
2025-01-24T09:37:17,243 - WorkerLoadTime.Milliseconds:6844.0|#WorkerName:W-9000-emotion_model_1.0,Level:Host|#hostname:Dharaneesh,timestamp:1737691637
2025-01-24T09:37:17,243 - WorkerThreadTime.Milliseconds:3.0|#Level:Host|#hostname:Dharaneesh,timestamp:1737691637
2025-01-24T09:38:12,730 - CPUUtilization.Percent:0.0|#Level:Host|#hostname:Dharaneesh,timestamp:1737691692
2025-01-24T09:38:12,730 - DiskAvailable.Gigabytes:45.58320236206055|#Level:Host|#hostname:Dharaneesh,timestamp:1737691692
2025-01-24T09:38:12,730 - DiskUsage.Gigabytes:149.85070037841797|#Level:Host|#hostname:Dharaneesh,timestamp:1737691692
2025-01-24T09:38:12,741 - DiskUtilization.Percent:76.7|#Level:Host|#hostname:Dharaneesh,timestamp:1737691692
2025-01-24T09:38:12,741 - GPUMemoryUtilization.Percent:0.0|#Level:Host,DeviceId:0|#hostname:Dharaneesh,timestamp:1737691692
2025-01-24T09:38:12,741 - GPUMemoryUsed.Megabytes:0.0|#Level:Host,DeviceId:0|#hostname:Dharaneesh,timestamp:1737691692
2025-01-24T09:38:12,742 - GPUUtilization.Percent:0.0|#Level:Host,DeviceId:0|#hostname:Dharaneesh,timestamp:1737691692
2025-01-24T09:38:12,742 - MemoryAvailable.Megabytes:6909.07421875|#Level:Host|#hostname:Dharaneesh,timestamp:1737691692
2025-01-24T09:38:12,742 - MemoryUsed.Megabytes:9094.0625|#Level:Host|#hostname:Dharaneesh,timestamp:1737691692
2025-01-24T09:38:12,743 - MemoryUtilization.Percent:56.8|#Level:Host|#hostname:Dharaneesh,timestamp:1737691692
2025-01-24T09:39:02,683 - ts_inference_requests_total.Count:1.0|#model_name:emotion_model,model_version:default|#hostname:Dharaneesh,timestamp:1737691742
2025-01-24T09:39:02,723 - Requests2XX.Count:1.0|#Level:Host|#hostname:Dharaneesh,timestamp:1737691742
2025-01-24T09:39:02,723 - ts_inference_latency_microseconds.Microseconds:37065.5|#model_name:emotion_model,model_version:default|#hostname:Dharaneesh,timestamp:1737691742
2025-01-24T09:39:02,723 - ts_queue_latency_microseconds.Microseconds:140.8|#model_name:emotion_model,model_version:default|#hostname:Dharaneesh,timestamp:1737691742
2025-01-24T09:39:02,724 - QueueTime.Milliseconds:0.0|#Level:Host|#hostname:Dharaneesh,timestamp:1737691742
2025-01-24T09:39:02,724 - WorkerThreadTime.Milliseconds:3.0|#Level:Host|#hostname:Dharaneesh,timestamp:1737691742
2025-01-24T09:39:12,725 - CPUUtilization.Percent:0.0|#Level:Host|#hostname:Dharaneesh,timestamp:1737691752
2025-01-24T09:39:12,725 - DiskAvailable.Gigabytes:45.58264923095703|#Level:Host|#hostname:Dharaneesh,timestamp:1737691752
2025-01-24T09:39:12,725 - DiskUsage.Gigabytes:149.85125350952148|#Level:Host|#hostname:Dharaneesh,timestamp:1737691752
2025-01-24T09:39:12,725 - DiskUtilization.Percent:76.7|#Level:Host|#hostname:Dharaneesh,timestamp:1737691752
2025-01-24T09:39:12,725 - GPUMemoryUtilization.Percent:0.0|#Level:Host,DeviceId:0|#hostname:Dharaneesh,timestamp:1737691752
2025-01-24T09:39:12,725 - GPUMemoryUsed.Megabytes:0.0|#Level:Host,DeviceId:0|#hostname:Dharaneesh,timestamp:1737691752
2025-01-24T09:39:12,725 - GPUUtilization.Percent:0.0|#Level:Host,DeviceId:0|#hostname:Dharaneesh,timestamp:1737691752
2025-01-24T09:39:12,725 - MemoryAvailable.Megabytes:6830.63671875|#Level:Host|#hostname:Dharaneesh,timestamp:1737691752
2025-01-24T09:39:12,725 - MemoryUsed.Megabytes:9172.6328125|#Level:Host|#hostname:Dharaneesh,timestamp:1737691752
2025-01-24T09:39:12,730 - MemoryUtilization.Percent:57.3|#Level:Host|#hostname:Dharaneesh,timestamp:1737691752
2025-01-24T09:40:12,726 - CPUUtilization.Percent:0.0|#Level:Host|#hostname:Dharaneesh,timestamp:1737691812
2025-01-24T09:40:12,736 - DiskAvailable.Gigabytes:45.583168029785156|#Level:Host|#hostname:Dharaneesh,timestamp:1737691812
2025-01-24T09:40:12,737 - DiskUsage.Gigabytes:149.85073471069336|#Level:Host|#hostname:Dharaneesh,timestamp:1737691812
2025-01-24T09:40:12,737 - DiskUtilization.Percent:76.7|#Level:Host|#hostname:Dharaneesh,timestamp:1737691812
2025-01-24T09:40:12,737 - GPUMemoryUtilization.Percent:0.0|#Level:Host,DeviceId:0|#hostname:Dharaneesh,timestamp:1737691812
2025-01-24T09:40:12,737 - GPUMemoryUsed.Megabytes:0.0|#Level:Host,DeviceId:0|#hostname:Dharaneesh,timestamp:1737691812
2025-01-24T09:40:12,737 - GPUUtilization.Percent:0.0|#Level:Host,DeviceId:0|#hostname:Dharaneesh,timestamp:1737691812
2025-01-24T09:40:12,737 - MemoryAvailable.Megabytes:6881.1875|#Level:Host|#hostname:Dharaneesh,timestamp:1737691812
2025-01-24T09:40:12,737 - MemoryUsed.Megabytes:9121.94921875|#Level:Host|#hostname:Dharaneesh,timestamp:1737691812
2025-01-24T09:40:12,737 - MemoryUtilization.Percent:57.0|#Level:Host|#hostname:Dharaneesh,timestamp:1737691812
2025-01-24T09:41:21,087 - CPUUtilization.Percent:0.0|#Level:Host|#hostname:Dharaneesh,timestamp:1737691881
2025-01-24T09:41:21,087 - DiskAvailable.Gigabytes:45.5672721862793|#Level:Host|#hostname:Dharaneesh,timestamp:1737691881
2025-01-24T09:41:21,094 - DiskUsage.Gigabytes:149.86663055419922|#Level:Host|#hostname:Dharaneesh,timestamp:1737691881
2025-01-24T09:41:21,094 - DiskUtilization.Percent:76.7|#Level:Host|#hostname:Dharaneesh,timestamp:1737691881
2025-01-24T09:41:21,094 - GPUMemoryUtilization.Percent:0.0|#Level:Host,DeviceId:0|#hostname:Dharaneesh,timestamp:1737691881
2025-01-24T09:41:21,094 - GPUMemoryUsed.Megabytes:0.0|#Level:Host,DeviceId:0|#hostname:Dharaneesh,timestamp:1737691881
2025-01-24T09:41:21,094 - GPUUtilization.Percent:0.0|#Level:Host,DeviceId:0|#hostname:Dharaneesh,timestamp:1737691881
2025-01-24T09:41:21,094 - MemoryAvailable.Megabytes:7005.97265625|#Level:Host|#hostname:Dharaneesh,timestamp:1737691881
2025-01-24T09:41:21,094 - MemoryUsed.Megabytes:8997.49609375|#Level:Host|#hostname:Dharaneesh,timestamp:1737691881
2025-01-24T09:41:21,094 - MemoryUtilization.Percent:56.2|#Level:Host|#hostname:Dharaneesh,timestamp:1737691881
2025-01-24T09:41:22,443 - WorkerLoadTime.Milliseconds:2556.0|#WorkerName:W-9000-emotion_model_1.0,Level:Host|#hostname:Dharaneesh,timestamp:1737691882
2025-01-24T09:41:22,443 - WorkerThreadTime.Milliseconds:2.0|#Level:Host|#hostname:Dharaneesh,timestamp:1737691882
2025-01-24T09:42:22,246 - CPUUtilization.Percent:0.0|#Level:Host|#hostname:Dharaneesh,timestamp:1737691942
2025-01-24T09:42:22,246 - DiskAvailable.Gigabytes:45.56618881225586|#Level:Host|#hostname:Dharaneesh,timestamp:1737691942
2025-01-24T09:42:22,246 - DiskUsage.Gigabytes:149.86771392822266|#Level:Host|#hostname:Dharaneesh,timestamp:1737691942
2025-01-24T09:42:22,246 - DiskUtilization.Percent:76.7|#Level:Host|#hostname:Dharaneesh,timestamp:1737691942
2025-01-24T09:42:22,246 - GPUMemoryUtilization.Percent:0.0|#Level:Host,DeviceId:0|#hostname:Dharaneesh,timestamp:1737691942
2025-01-24T09:42:22,246 - GPUMemoryUsed.Megabytes:0.0|#Level:Host,DeviceId:0|#hostname:Dharaneesh,timestamp:1737691942
2025-01-24T09:42:22,246 - GPUUtilization.Percent:0.0|#Level:Host,DeviceId:0|#hostname:Dharaneesh,timestamp:1737691942
2025-01-24T09:42:22,246 - MemoryAvailable.Megabytes:6989.046875|#Level:Host|#hostname:Dharaneesh,timestamp:1737691942
2025-01-24T09:42:22,246 - MemoryUsed.Megabytes:9014.15625|#Level:Host|#hostname:Dharaneesh,timestamp:1737691942
2025-01-24T09:42:22,246 - MemoryUtilization.Percent:56.3|#Level:Host|#hostname:Dharaneesh,timestamp:1737691942
2025-01-24T09:42:30,806 - Requests2XX.Count:1.0|#Level:Host|#hostname:Dharaneesh,timestamp:1737691950
2025-01-24T09:42:54,800 - Requests2XX.Count:1.0|#Level:Host|#hostname:Dharaneesh,timestamp:1737691974
2025-01-24T09:42:56,374 - ts_inference_requests_total.Count:1.0|#model_name:emotion_model,model_version:default|#hostname:Dharaneesh,timestamp:1737691976
2025-01-24T09:42:56,386 - Requests5XX.Count:1.0|#Level:Host|#hostname:Dharaneesh,timestamp:1737691976
2025-01-24T09:42:56,386 - WorkerThreadTime.Milliseconds:12.0|#Level:Host|#hostname:Dharaneesh,timestamp:1737691976
2025-01-24T09:43:22,200 - CPUUtilization.Percent:0.0|#Level:Host|#hostname:Dharaneesh,timestamp:1737692002
2025-01-24T09:43:22,200 - DiskAvailable.Gigabytes:45.56538772583008|#Level:Host|#hostname:Dharaneesh,timestamp:1737692002
2025-01-24T09:43:22,200 - DiskUsage.Gigabytes:149.86851501464844|#Level:Host|#hostname:Dharaneesh,timestamp:1737692002
2025-01-24T09:43:22,200 - DiskUtilization.Percent:76.7|#Level:Host|#hostname:Dharaneesh,timestamp:1737692002
2025-01-24T09:43:22,200 - GPUMemoryUtilization.Percent:0.0|#Level:Host,DeviceId:0|#hostname:Dharaneesh,timestamp:1737692002
2025-01-24T09:43:22,211 - GPUMemoryUsed.Megabytes:0.0|#Level:Host,DeviceId:0|#hostname:Dharaneesh,timestamp:1737692002
2025-01-24T09:43:22,211 - GPUUtilization.Percent:0.0|#Level:Host,DeviceId:0|#hostname:Dharaneesh,timestamp:1737692002
2025-01-24T09:43:22,211 - MemoryAvailable.Megabytes:6711.6953125|#Level:Host|#hostname:Dharaneesh,timestamp:1737692002
2025-01-24T09:43:22,211 - MemoryUsed.Megabytes:9291.45703125|#Level:Host|#hostname:Dharaneesh,timestamp:1737692002
2025-01-24T09:43:22,211 - MemoryUtilization.Percent:58.1|#Level:Host|#hostname:Dharaneesh,timestamp:1737692002
2025-01-24T09:44:22,206 - CPUUtilization.Percent:0.0|#Level:Host|#hostname:Dharaneesh,timestamp:1737692062
2025-01-24T09:44:22,206 - DiskAvailable.Gigabytes:45.565303802490234|#Level:Host|#hostname:Dharaneesh,timestamp:1737692062
2025-01-24T09:44:22,206 - DiskUsage.Gigabytes:149.86859893798828|#Level:Host|#hostname:Dharaneesh,timestamp:1737692062
2025-01-24T09:44:22,206 - DiskUtilization.Percent:76.7|#Level:Host|#hostname:Dharaneesh,timestamp:1737692062
2025-01-24T09:44:22,206 - GPUMemoryUtilization.Percent:0.0|#Level:Host,DeviceId:0|#hostname:Dharaneesh,timestamp:1737692062
2025-01-24T09:44:22,206 - GPUMemoryUsed.Megabytes:0.0|#Level:Host,DeviceId:0|#hostname:Dharaneesh,timestamp:1737692062
2025-01-24T09:44:22,206 - GPUUtilization.Percent:0.0|#Level:Host,DeviceId:0|#hostname:Dharaneesh,timestamp:1737692062
2025-01-24T09:44:22,206 - MemoryAvailable.Megabytes:6415.7734375|#Level:Host|#hostname:Dharaneesh,timestamp:1737692062
2025-01-24T09:44:22,206 - MemoryUsed.Megabytes:9585.5|#Level:Host|#hostname:Dharaneesh,timestamp:1737692062
2025-01-24T09:44:22,206 - MemoryUtilization.Percent:59.9|#Level:Host|#hostname:Dharaneesh,timestamp:1737692062
2025-01-24T09:45:22,289 - CPUUtilization.Percent:0.0|#Level:Host|#hostname:Dharaneesh,timestamp:1737692122
2025-01-24T09:45:22,289 - DiskAvailable.Gigabytes:45.5626106262207|#Level:Host|#hostname:Dharaneesh,timestamp:1737692122
2025-01-24T09:45:22,289 - DiskUsage.Gigabytes:149.8712921142578|#Level:Host|#hostname:Dharaneesh,timestamp:1737692122
2025-01-24T09:45:22,289 - DiskUtilization.Percent:76.7|#Level:Host|#hostname:Dharaneesh,timestamp:1737692122
2025-01-24T09:45:22,289 - GPUMemoryUtilization.Percent:0.0|#Level:Host,DeviceId:0|#hostname:Dharaneesh,timestamp:1737692122
2025-01-24T09:45:22,289 - GPUMemoryUsed.Megabytes:0.0|#Level:Host,DeviceId:0|#hostname:Dharaneesh,timestamp:1737692122
2025-01-24T09:45:22,289 - GPUUtilization.Percent:0.0|#Level:Host,DeviceId:0|#hostname:Dharaneesh,timestamp:1737692122
2025-01-24T09:45:22,289 - MemoryAvailable.Megabytes:6514.5234375|#Level:Host|#hostname:Dharaneesh,timestamp:1737692122
2025-01-24T09:45:22,289 - MemoryUsed.Megabytes:9489.5546875|#Level:Host|#hostname:Dharaneesh,timestamp:1737692122
2025-01-24T09:45:22,289 - MemoryUtilization.Percent:59.3|#Level:Host|#hostname:Dharaneesh,timestamp:1737692122
2025-01-24T09:45:32,184 - ts_inference_requests_total.Count:1.0|#model_name:emotion_model,model_version:default|#hostname:Dharaneesh,timestamp:1737692132
2025-01-24T09:45:32,189 - Requests5XX.Count:1.0|#Level:Host|#hostname:Dharaneesh,timestamp:1737692132
2025-01-24T09:45:32,190 - WorkerThreadTime.Milliseconds:6.0|#Level:Host|#hostname:Dharaneesh,timestamp:1737692132
2025-01-24T09:48:18,976 - CPUUtilization.Percent:0.0|#Level:Host|#hostname:Dharaneesh,timestamp:1737692298
2025-01-24T09:48:18,976 - DiskAvailable.Gigabytes:45.562259674072266|#Level:Host|#hostname:Dharaneesh,timestamp:1737692298
2025-01-24T09:48:18,976 - DiskUsage.Gigabytes:149.87164306640625|#Level:Host|#hostname:Dharaneesh,timestamp:1737692298
2025-01-24T09:48:18,976 - DiskUtilization.Percent:76.7|#Level:Host|#hostname:Dharaneesh,timestamp:1737692298
2025-01-24T09:48:18,976 - GPUMemoryUtilization.Percent:0.0|#Level:Host,DeviceId:0|#hostname:Dharaneesh,timestamp:1737692298
2025-01-24T09:48:18,976 - GPUMemoryUsed.Megabytes:0.0|#Level:Host,DeviceId:0|#hostname:Dharaneesh,timestamp:1737692298
2025-01-24T09:48:18,976 - GPUUtilization.Percent:0.0|#Level:Host,DeviceId:0|#hostname:Dharaneesh,timestamp:1737692298
2025-01-24T09:48:18,976 - MemoryAvailable.Megabytes:7216.15234375|#Level:Host|#hostname:Dharaneesh,timestamp:1737692298
2025-01-24T09:48:18,976 - MemoryUsed.Megabytes:8786.91015625|#Level:Host|#hostname:Dharaneesh,timestamp:1737692298
2025-01-24T09:48:18,976 - MemoryUtilization.Percent:54.9|#Level:Host|#hostname:Dharaneesh,timestamp:1737692298
2025-01-24T09:48:20,349 - WorkerLoadTime.Milliseconds:2562.0|#WorkerName:W-9000-emotion_model_1.0,Level:Host|#hostname:Dharaneesh,timestamp:1737692300
2025-01-24T09:48:20,349 - WorkerThreadTime.Milliseconds:1.0|#Level:Host|#hostname:Dharaneesh,timestamp:1737692300
2025-01-24T09:48:30,492 - ts_inference_requests_total.Count:1.0|#model_name:emotion_model,model_version:default|#hostname:Dharaneesh,timestamp:1737692310
2025-01-24T09:48:30,513 - Requests5XX.Count:1.0|#Level:Host|#hostname:Dharaneesh,timestamp:1737692310
2025-01-24T09:48:30,514 - WorkerThreadTime.Milliseconds:5.0|#Level:Host|#hostname:Dharaneesh,timestamp:1737692310
2025-01-24T09:49:18,552 - CPUUtilization.Percent:0.0|#Level:Host|#hostname:Dharaneesh,timestamp:1737692358
2025-01-24T09:49:18,552 - DiskAvailable.Gigabytes:45.56196975708008|#Level:Host|#hostname:Dharaneesh,timestamp:1737692358
2025-01-24T09:49:18,552 - DiskUsage.Gigabytes:149.87193298339844|#Level:Host|#hostname:Dharaneesh,timestamp:1737692358
2025-01-24T09:49:18,552 - DiskUtilization.Percent:76.7|#Level:Host|#hostname:Dharaneesh,timestamp:1737692358
2025-01-24T09:49:18,552 - GPUMemoryUtilization.Percent:1.6243282852955545|#Level:Host,DeviceId:0|#hostname:Dharaneesh,timestamp:1737692358
2025-01-24T09:49:18,552 - GPUMemoryUsed.Megabytes:133.0|#Level:Host,DeviceId:0|#hostname:Dharaneesh,timestamp:1737692358
2025-01-24T09:49:18,552 - GPUUtilization.Percent:0.0|#Level:Host,DeviceId:0|#hostname:Dharaneesh,timestamp:1737692358
2025-01-24T09:49:18,552 - MemoryAvailable.Megabytes:6857.59375|#Level:Host|#hostname:Dharaneesh,timestamp:1737692358
2025-01-24T09:49:18,552 - MemoryUsed.Megabytes:9145.609375|#Level:Host|#hostname:Dharaneesh,timestamp:1737692358
2025-01-24T09:49:18,552 - MemoryUtilization.Percent:57.1|#Level:Host|#hostname:Dharaneesh,timestamp:1737692358
2025-01-24T09:50:19,776 - CPUUtilization.Percent:0.0|#Level:Host|#hostname:Dharaneesh,timestamp:1737692419
2025-01-24T09:50:19,776 - DiskAvailable.Gigabytes:45.54685592651367|#Level:Host|#hostname:Dharaneesh,timestamp:1737692419
2025-01-24T09:50:19,776 - DiskUsage.Gigabytes:149.88704681396484|#Level:Host|#hostname:Dharaneesh,timestamp:1737692419
2025-01-24T09:50:19,776 - DiskUtilization.Percent:76.7|#Level:Host|#hostname:Dharaneesh,timestamp:1737692419
2025-01-24T09:50:19,776 - GPUMemoryUtilization.Percent:0.0|#Level:Host,DeviceId:0|#hostname:Dharaneesh,timestamp:1737692419
2025-01-24T09:50:19,776 - GPUMemoryUsed.Megabytes:0.0|#Level:Host,DeviceId:0|#hostname:Dharaneesh,timestamp:1737692419
2025-01-24T09:50:19,776 - GPUUtilization.Percent:0.0|#Level:Host,DeviceId:0|#hostname:Dharaneesh,timestamp:1737692419
2025-01-24T09:50:19,776 - MemoryAvailable.Megabytes:7163.96875|#Level:Host|#hostname:Dharaneesh,timestamp:1737692419
2025-01-24T09:50:19,776 - MemoryUsed.Megabytes:8839.0859375|#Level:Host|#hostname:Dharaneesh,timestamp:1737692419
2025-01-24T09:50:19,776 - MemoryUtilization.Percent:55.3|#Level:Host|#hostname:Dharaneesh,timestamp:1737692419
2025-01-24T09:50:20,993 - WorkerLoadTime.Milliseconds:2396.0|#WorkerName:W-9000-emotion_model_1.0,Level:Host|#hostname:Dharaneesh,timestamp:1737692420
2025-01-24T09:50:20,993 - WorkerThreadTime.Milliseconds:0.0|#Level:Host|#hostname:Dharaneesh,timestamp:1737692420
2025-01-24T09:50:23,835 - ts_inference_requests_total.Count:1.0|#model_name:emotion_model,model_version:default|#hostname:Dharaneesh,timestamp:1737692423
2025-01-24T09:50:23,864 - Requests2XX.Count:1.0|#Level:Host|#hostname:Dharaneesh,timestamp:1737692423
2025-01-24T09:50:23,865 - ts_inference_latency_microseconds.Microseconds:21576.1|#model_name:emotion_model,model_version:default|#hostname:Dharaneesh,timestamp:1737692423
2025-01-24T09:50:23,865 - ts_queue_latency_microseconds.Microseconds:138.7|#model_name:emotion_model,model_version:default|#hostname:Dharaneesh,timestamp:1737692423
2025-01-24T09:50:23,866 - QueueTime.Milliseconds:0.0|#Level:Host|#hostname:Dharaneesh,timestamp:1737692423
2025-01-24T09:50:23,866 - WorkerThreadTime.Milliseconds:3.0|#Level:Host|#hostname:Dharaneesh,timestamp:1737692423
2025-01-24T09:50:55,822 - ts_inference_requests_total.Count:1.0|#model_name:emotion_model,model_version:default|#hostname:Dharaneesh,timestamp:1737692455
2025-01-24T09:50:55,834 - Requests2XX.Count:1.0|#Level:Host|#hostname:Dharaneesh,timestamp:1737692455
2025-01-24T09:50:55,834 - ts_inference_latency_microseconds.Microseconds:9435.4|#model_name:emotion_model,model_version:default|#hostname:Dharaneesh,timestamp:1737692455
2025-01-24T09:50:55,834 - ts_queue_latency_microseconds.Microseconds:167.7|#model_name:emotion_model,model_version:default|#hostname:Dharaneesh,timestamp:1737692455
2025-01-24T09:50:55,834 - QueueTime.Milliseconds:0.0|#Level:Host|#hostname:Dharaneesh,timestamp:1737692455
2025-01-24T09:50:55,835 - WorkerThreadTime.Milliseconds:13.0|#Level:Host|#hostname:Dharaneesh,timestamp:1737692455
2025-01-24T09:50:55,856 - ts_inference_requests_total.Count:1.0|#model_name:emotion_model,model_version:default|#hostname:Dharaneesh,timestamp:1737692455
2025-01-24T09:50:55,867 - Requests2XX.Count:1.0|#Level:Host|#hostname:Dharaneesh,timestamp:1737692455
2025-01-24T09:50:55,867 - ts_inference_latency_microseconds.Microseconds:10176.8|#model_name:emotion_model,model_version:default|#hostname:Dharaneesh,timestamp:1737692455
2025-01-24T09:50:55,867 - ts_queue_latency_microseconds.Microseconds:96.9|#model_name:emotion_model,model_version:default|#hostname:Dharaneesh,timestamp:1737692455
2025-01-24T09:50:55,868 - QueueTime.Milliseconds:0.0|#Level:Host|#hostname:Dharaneesh,timestamp:1737692455
2025-01-24T09:50:55,868 - WorkerThreadTime.Milliseconds:3.0|#Level:Host|#hostname:Dharaneesh,timestamp:1737692455
2025-01-24T09:50:55,884 - ts_inference_requests_total.Count:1.0|#model_name:emotion_model,model_version:default|#hostname:Dharaneesh,timestamp:1737692455
2025-01-24T09:50:55,894 - Requests2XX.Count:1.0|#Level:Host|#hostname:Dharaneesh,timestamp:1737692455
2025-01-24T09:50:55,895 - ts_inference_latency_microseconds.Microseconds:9580.4|#model_name:emotion_model,model_version:default|#hostname:Dharaneesh,timestamp:1737692455
2025-01-24T09:50:55,895 - ts_queue_latency_microseconds.Microseconds:55.7|#model_name:emotion_model,model_version:default|#hostname:Dharaneesh,timestamp:1737692455
2025-01-24T09:50:55,895 - QueueTime.Milliseconds:0.0|#Level:Host|#hostname:Dharaneesh,timestamp:1737692455
2025-01-24T09:50:55,896 - WorkerThreadTime.Milliseconds:2.0|#Level:Host|#hostname:Dharaneesh,timestamp:1737692455
2025-01-24T09:50:55,908 - ts_inference_requests_total.Count:1.0|#model_name:emotion_model,model_version:default|#hostname:Dharaneesh,timestamp:1737692455
2025-01-24T09:50:55,919 - Requests2XX.Count:1.0|#Level:Host|#hostname:Dharaneesh,timestamp:1737692455
2025-01-24T09:50:55,919 - ts_inference_latency_microseconds.Microseconds:10274.7|#model_name:emotion_model,model_version:default|#hostname:Dharaneesh,timestamp:1737692455
2025-01-24T09:50:55,919 - ts_queue_latency_microseconds.Microseconds:84.3|#model_name:emotion_model,model_version:default|#hostname:Dharaneesh,timestamp:1737692455
2025-01-24T09:50:55,920 - QueueTime.Milliseconds:0.0|#Level:Host|#hostname:Dharaneesh,timestamp:1737692455
2025-01-24T09:50:55,920 - WorkerThreadTime.Milliseconds:2.0|#Level:Host|#hostname:Dharaneesh,timestamp:1737692455
2025-01-24T09:50:55,930 - ts_inference_requests_total.Count:1.0|#model_name:emotion_model,model_version:default|#hostname:Dharaneesh,timestamp:1737692455
2025-01-24T09:50:55,941 - Requests2XX.Count:1.0|#Level:Host|#hostname:Dharaneesh,timestamp:1737692455
2025-01-24T09:50:55,941 - ts_inference_latency_microseconds.Microseconds:10251.1|#model_name:emotion_model,model_version:default|#hostname:Dharaneesh,timestamp:1737692455
2025-01-24T09:50:55,942 - ts_queue_latency_microseconds.Microseconds:61.2|#model_name:emotion_model,model_version:default|#hostname:Dharaneesh,timestamp:1737692455
2025-01-24T09:50:55,942 - QueueTime.Milliseconds:0.0|#Level:Host|#hostname:Dharaneesh,timestamp:1737692455
2025-01-24T09:50:55,942 - WorkerThreadTime.Milliseconds:2.0|#Level:Host|#hostname:Dharaneesh,timestamp:1737692455
2025-01-24T09:50:55,955 - ts_inference_requests_total.Count:1.0|#model_name:emotion_model,model_version:default|#hostname:Dharaneesh,timestamp:1737692455
2025-01-24T09:50:55,967 - Requests2XX.Count:1.0|#Level:Host|#hostname:Dharaneesh,timestamp:1737692455
2025-01-24T09:50:55,967 - ts_inference_latency_microseconds.Microseconds:10218.4|#model_name:emotion_model,model_version:default|#hostname:Dharaneesh,timestamp:1737692455
2025-01-24T09:50:55,968 - ts_queue_latency_microseconds.Microseconds:63.7|#model_name:emotion_model,model_version:default|#hostname:Dharaneesh,timestamp:1737692455
2025-01-24T09:50:55,968 - QueueTime.Milliseconds:0.0|#Level:Host|#hostname:Dharaneesh,timestamp:1737692455
2025-01-24T09:50:55,968 - WorkerThreadTime.Milliseconds:2.0|#Level:Host|#hostname:Dharaneesh,timestamp:1737692455
2025-01-24T09:50:55,980 - ts_inference_requests_total.Count:1.0|#model_name:emotion_model,model_version:default|#hostname:Dharaneesh,timestamp:1737692455
2025-01-24T09:50:55,991 - Requests2XX.Count:1.0|#Level:Host|#hostname:Dharaneesh,timestamp:1737692455
2025-01-24T09:50:55,991 - ts_inference_latency_microseconds.Microseconds:9861.7|#model_name:emotion_model,model_version:default|#hostname:Dharaneesh,timestamp:1737692455
2025-01-24T09:50:55,991 - ts_queue_latency_microseconds.Microseconds:67.4|#model_name:emotion_model,model_version:default|#hostname:Dharaneesh,timestamp:1737692455
2025-01-24T09:50:55,991 - QueueTime.Milliseconds:0.0|#Level:Host|#hostname:Dharaneesh,timestamp:1737692455
2025-01-24T09:50:55,991 - WorkerThreadTime.Milliseconds:4.0|#Level:Host|#hostname:Dharaneesh,timestamp:1737692455
2025-01-24T09:50:56,005 - ts_inference_requests_total.Count:1.0|#model_name:emotion_model,model_version:default|#hostname:Dharaneesh,timestamp:1737692456
2025-01-24T09:50:56,035 - Requests2XX.Count:1.0|#Level:Host|#hostname:Dharaneesh,timestamp:1737692456
2025-01-24T09:50:56,035 - ts_inference_latency_microseconds.Microseconds:28125.8|#model_name:emotion_model,model_version:default|#hostname:Dharaneesh,timestamp:1737692456
2025-01-24T09:50:56,035 - ts_queue_latency_microseconds.Microseconds:65.6|#model_name:emotion_model,model_version:default|#hostname:Dharaneesh,timestamp:1737692456
2025-01-24T09:50:56,036 - QueueTime.Milliseconds:0.0|#Level:Host|#hostname:Dharaneesh,timestamp:1737692456
2025-01-24T09:50:56,036 - WorkerThreadTime.Milliseconds:8.0|#Level:Host|#hostname:Dharaneesh,timestamp:1737692456
2025-01-24T09:50:56,049 - ts_inference_requests_total.Count:1.0|#model_name:emotion_model,model_version:default|#hostname:Dharaneesh,timestamp:1737692456
2025-01-24T09:50:56,062 - Requests2XX.Count:1.0|#Level:Host|#hostname:Dharaneesh,timestamp:1737692456
2025-01-24T09:50:56,063 - ts_inference_latency_microseconds.Microseconds:11710.7|#model_name:emotion_model,model_version:default|#hostname:Dharaneesh,timestamp:1737692456
2025-01-24T09:50:56,063 - ts_queue_latency_microseconds.Microseconds:65.8|#model_name:emotion_model,model_version:default|#hostname:Dharaneesh,timestamp:1737692456
2025-01-24T09:50:56,063 - QueueTime.Milliseconds:0.0|#Level:Host|#hostname:Dharaneesh,timestamp:1737692456
2025-01-24T09:50:56,063 - WorkerThreadTime.Milliseconds:3.0|#Level:Host|#hostname:Dharaneesh,timestamp:1737692456
2025-01-24T09:50:56,074 - ts_inference_requests_total.Count:1.0|#model_name:emotion_model,model_version:default|#hostname:Dharaneesh,timestamp:1737692456
2025-01-24T09:50:56,085 - Requests2XX.Count:1.0|#Level:Host|#hostname:Dharaneesh,timestamp:1737692456
2025-01-24T09:50:56,085 - ts_inference_latency_microseconds.Microseconds:9699.2|#model_name:emotion_model,model_version:default|#hostname:Dharaneesh,timestamp:1737692456
2025-01-24T09:50:56,085 - ts_queue_latency_microseconds.Microseconds:56.0|#model_name:emotion_model,model_version:default|#hostname:Dharaneesh,timestamp:1737692456
2025-01-24T09:50:56,085 - QueueTime.Milliseconds:0.0|#Level:Host|#hostname:Dharaneesh,timestamp:1737692456
2025-01-24T09:50:56,086 - WorkerThreadTime.Milliseconds:2.0|#Level:Host|#hostname:Dharaneesh,timestamp:1737692456
2025-01-24T09:50:56,097 - ts_inference_requests_total.Count:1.0|#model_name:emotion_model,model_version:default|#hostname:Dharaneesh,timestamp:1737692456
2025-01-24T09:50:56,108 - Requests2XX.Count:1.0|#Level:Host|#hostname:Dharaneesh,timestamp:1737692456
2025-01-24T09:50:56,108 - ts_inference_latency_microseconds.Microseconds:9468.5|#model_name:emotion_model,model_version:default|#hostname:Dharaneesh,timestamp:1737692456
2025-01-24T09:50:56,108 - ts_queue_latency_microseconds.Microseconds:89.6|#model_name:emotion_model,model_version:default|#hostname:Dharaneesh,timestamp:1737692456
2025-01-24T09:50:56,109 - QueueTime.Milliseconds:0.0|#Level:Host|#hostname:Dharaneesh,timestamp:1737692456
2025-01-24T09:50:56,109 - WorkerThreadTime.Milliseconds:4.0|#Level:Host|#hostname:Dharaneesh,timestamp:1737692456
2025-01-24T09:50:56,120 - ts_inference_requests_total.Count:1.0|#model_name:emotion_model,model_version:default|#hostname:Dharaneesh,timestamp:1737692456
2025-01-24T09:50:56,131 - Requests2XX.Count:1.0|#Level:Host|#hostname:Dharaneesh,timestamp:1737692456
2025-01-24T09:50:56,131 - ts_inference_latency_microseconds.Microseconds:9001.8|#model_name:emotion_model,model_version:default|#hostname:Dharaneesh,timestamp:1737692456
2025-01-24T09:50:56,131 - ts_queue_latency_microseconds.Microseconds:52.9|#model_name:emotion_model,model_version:default|#hostname:Dharaneesh,timestamp:1737692456
2025-01-24T09:50:56,131 - QueueTime.Milliseconds:0.0|#Level:Host|#hostname:Dharaneesh,timestamp:1737692456
2025-01-24T09:50:56,132 - WorkerThreadTime.Milliseconds:6.0|#Level:Host|#hostname:Dharaneesh,timestamp:1737692456
2025-01-24T09:50:56,143 - ts_inference_requests_total.Count:1.0|#model_name:emotion_model,model_version:default|#hostname:Dharaneesh,timestamp:1737692456
2025-01-24T09:50:56,153 - Requests2XX.Count:1.0|#Level:Host|#hostname:Dharaneesh,timestamp:1737692456
2025-01-24T09:50:56,153 - ts_inference_latency_microseconds.Microseconds:9179.2|#model_name:emotion_model,model_version:default|#hostname:Dharaneesh,timestamp:1737692456
2025-01-24T09:50:56,153 - ts_queue_latency_microseconds.Microseconds:48.5|#model_name:emotion_model,model_version:default|#hostname:Dharaneesh,timestamp:1737692456
2025-01-24T09:50:56,154 - QueueTime.Milliseconds:0.0|#Level:Host|#hostname:Dharaneesh,timestamp:1737692456
2025-01-24T09:50:56,154 - WorkerThreadTime.Milliseconds:7.0|#Level:Host|#hostname:Dharaneesh,timestamp:1737692456
2025-01-24T09:50:56,165 - ts_inference_requests_total.Count:1.0|#model_name:emotion_model,model_version:default|#hostname:Dharaneesh,timestamp:1737692456
2025-01-24T09:50:56,176 - Requests2XX.Count:1.0|#Level:Host|#hostname:Dharaneesh,timestamp:1737692456
2025-01-24T09:50:56,176 - ts_inference_latency_microseconds.Microseconds:9914.2|#model_name:emotion_model,model_version:default|#hostname:Dharaneesh,timestamp:1737692456
2025-01-24T09:50:56,176 - ts_queue_latency_microseconds.Microseconds:42.7|#model_name:emotion_model,model_version:default|#hostname:Dharaneesh,timestamp:1737692456
2025-01-24T09:50:56,177 - QueueTime.Milliseconds:0.0|#Level:Host|#hostname:Dharaneesh,timestamp:1737692456
2025-01-24T09:50:56,177 - WorkerThreadTime.Milliseconds:1.0|#Level:Host|#hostname:Dharaneesh,timestamp:1737692456
2025-01-24T09:50:56,189 - ts_inference_requests_total.Count:1.0|#model_name:emotion_model,model_version:default|#hostname:Dharaneesh,timestamp:1737692456
2025-01-24T09:50:56,200 - Requests2XX.Count:1.0|#Level:Host|#hostname:Dharaneesh,timestamp:1737692456
2025-01-24T09:50:56,200 - ts_inference_latency_microseconds.Microseconds:9881.9|#model_name:emotion_model,model_version:default|#hostname:Dharaneesh,timestamp:1737692456
2025-01-24T09:50:56,200 - ts_queue_latency_microseconds.Microseconds:114.7|#model_name:emotion_model,model_version:default|#hostname:Dharaneesh,timestamp:1737692456
2025-01-24T09:50:56,201 - QueueTime.Milliseconds:0.0|#Level:Host|#hostname:Dharaneesh,timestamp:1737692456
2025-01-24T09:50:56,201 - WorkerThreadTime.Milliseconds:4.0|#Level:Host|#hostname:Dharaneesh,timestamp:1737692456
2025-01-24T09:50:56,213 - ts_inference_requests_total.Count:1.0|#model_name:emotion_model,model_version:default|#hostname:Dharaneesh,timestamp:1737692456
2025-01-24T09:50:56,223 - Requests2XX.Count:1.0|#Level:Host|#hostname:Dharaneesh,timestamp:1737692456
2025-01-24T09:50:56,224 - ts_inference_latency_microseconds.Microseconds:9328.4|#model_name:emotion_model,model_version:default|#hostname:Dharaneesh,timestamp:1737692456
2025-01-24T09:50:56,224 - ts_queue_latency_microseconds.Microseconds:57.6|#model_name:emotion_model,model_version:default|#hostname:Dharaneesh,timestamp:1737692456
2025-01-24T09:50:56,224 - QueueTime.Milliseconds:0.0|#Level:Host|#hostname:Dharaneesh,timestamp:1737692456
2025-01-24T09:50:56,224 - WorkerThreadTime.Milliseconds:2.0|#Level:Host|#hostname:Dharaneesh,timestamp:1737692456
2025-01-24T09:50:56,235 - ts_inference_requests_total.Count:1.0|#model_name:emotion_model,model_version:default|#hostname:Dharaneesh,timestamp:1737692456
2025-01-24T09:50:56,247 - Requests2XX.Count:1.0|#Level:Host|#hostname:Dharaneesh,timestamp:1737692456
2025-01-24T09:50:56,247 - ts_inference_latency_microseconds.Microseconds:11249.1|#model_name:emotion_model,model_version:default|#hostname:Dharaneesh,timestamp:1737692456
2025-01-24T09:50:56,247 - ts_queue_latency_microseconds.Microseconds:54.3|#model_name:emotion_model,model_version:default|#hostname:Dharaneesh,timestamp:1737692456
2025-01-24T09:50:56,247 - QueueTime.Milliseconds:0.0|#Level:Host|#hostname:Dharaneesh,timestamp:1737692456
2025-01-24T09:50:56,248 - WorkerThreadTime.Milliseconds:3.0|#Level:Host|#hostname:Dharaneesh,timestamp:1737692456
2025-01-24T09:50:56,260 - ts_inference_requests_total.Count:1.0|#model_name:emotion_model,model_version:default|#hostname:Dharaneesh,timestamp:1737692456
2025-01-24T09:50:56,271 - Requests2XX.Count:1.0|#Level:Host|#hostname:Dharaneesh,timestamp:1737692456
2025-01-24T09:50:56,271 - ts_inference_latency_microseconds.Microseconds:10311.5|#model_name:emotion_model,model_version:default|#hostname:Dharaneesh,timestamp:1737692456
2025-01-24T09:50:56,271 - ts_queue_latency_microseconds.Microseconds:54.1|#model_name:emotion_model,model_version:default|#hostname:Dharaneesh,timestamp:1737692456
2025-01-24T09:50:56,271 - QueueTime.Milliseconds:0.0|#Level:Host|#hostname:Dharaneesh,timestamp:1737692456
2025-01-24T09:50:56,272 - WorkerThreadTime.Milliseconds:2.0|#Level:Host|#hostname:Dharaneesh,timestamp:1737692456
2025-01-24T09:50:56,282 - ts_inference_requests_total.Count:1.0|#model_name:emotion_model,model_version:default|#hostname:Dharaneesh,timestamp:1737692456
2025-01-24T09:50:56,292 - Requests2XX.Count:1.0|#Level:Host|#hostname:Dharaneesh,timestamp:1737692456
2025-01-24T09:50:56,292 - ts_inference_latency_microseconds.Microseconds:9117.4|#model_name:emotion_model,model_version:default|#hostname:Dharaneesh,timestamp:1737692456
2025-01-24T09:50:56,293 - ts_queue_latency_microseconds.Microseconds:58.6|#model_name:emotion_model,model_version:default|#hostname:Dharaneesh,timestamp:1737692456
2025-01-24T09:50:56,293 - QueueTime.Milliseconds:0.0|#Level:Host|#hostname:Dharaneesh,timestamp:1737692456
2025-01-24T09:50:56,294 - WorkerThreadTime.Milliseconds:4.0|#Level:Host|#hostname:Dharaneesh,timestamp:1737692456
2025-01-24T09:50:56,308 - ts_inference_requests_total.Count:1.0|#model_name:emotion_model,model_version:default|#hostname:Dharaneesh,timestamp:1737692456
2025-01-24T09:50:56,317 - Requests2XX.Count:1.0|#Level:Host|#hostname:Dharaneesh,timestamp:1737692456
2025-01-24T09:50:56,319 - ts_inference_latency_microseconds.Microseconds:8865.5|#model_name:emotion_model,model_version:default|#hostname:Dharaneesh,timestamp:1737692456
2025-01-24T09:50:56,319 - ts_queue_latency_microseconds.Microseconds:60.9|#model_name:emotion_model,model_version:default|#hostname:Dharaneesh,timestamp:1737692456
2025-01-24T09:50:56,319 - QueueTime.Milliseconds:0.0|#Level:Host|#hostname:Dharaneesh,timestamp:1737692456
2025-01-24T09:50:56,319 - WorkerThreadTime.Milliseconds:2.0|#Level:Host|#hostname:Dharaneesh,timestamp:1737692456
2025-01-24T09:50:56,335 - ts_inference_requests_total.Count:1.0|#model_name:emotion_model,model_version:default|#hostname:Dharaneesh,timestamp:1737692456
2025-01-24T09:50:56,346 - Requests2XX.Count:1.0|#Level:Host|#hostname:Dharaneesh,timestamp:1737692456
2025-01-24T09:50:56,346 - ts_inference_latency_microseconds.Microseconds:10749.1|#model_name:emotion_model,model_version:default|#hostname:Dharaneesh,timestamp:1737692456
2025-01-24T09:50:56,346 - ts_queue_latency_microseconds.Microseconds:130.8|#model_name:emotion_model,model_version:default|#hostname:Dharaneesh,timestamp:1737692456
2025-01-24T09:50:56,346 - QueueTime.Milliseconds:0.0|#Level:Host|#hostname:Dharaneesh,timestamp:1737692456
2025-01-24T09:50:56,346 - WorkerThreadTime.Milliseconds:4.0|#Level:Host|#hostname:Dharaneesh,timestamp:1737692456
2025-01-24T09:50:56,358 - ts_inference_requests_total.Count:1.0|#model_name:emotion_model,model_version:default|#hostname:Dharaneesh,timestamp:1737692456
2025-01-24T09:50:56,367 - Requests2XX.Count:1.0|#Level:Host|#hostname:Dharaneesh,timestamp:1737692456
2025-01-24T09:50:56,368 - ts_inference_latency_microseconds.Microseconds:9288.4|#model_name:emotion_model,model_version:default|#hostname:Dharaneesh,timestamp:1737692456
2025-01-24T09:50:56,368 - ts_queue_latency_microseconds.Microseconds:56.9|#model_name:emotion_model,model_version:default|#hostname:Dharaneesh,timestamp:1737692456
2025-01-24T09:50:56,368 - QueueTime.Milliseconds:0.0|#Level:Host|#hostname:Dharaneesh,timestamp:1737692456
2025-01-24T09:50:56,368 - WorkerThreadTime.Milliseconds:3.0|#Level:Host|#hostname:Dharaneesh,timestamp:1737692456
2025-01-24T09:50:56,382 - ts_inference_requests_total.Count:1.0|#model_name:emotion_model,model_version:default|#hostname:Dharaneesh,timestamp:1737692456
2025-01-24T09:50:56,393 - Requests2XX.Count:1.0|#Level:Host|#hostname:Dharaneesh,timestamp:1737692456
2025-01-24T09:50:56,393 - ts_inference_latency_microseconds.Microseconds:10780.7|#model_name:emotion_model,model_version:default|#hostname:Dharaneesh,timestamp:1737692456
2025-01-24T09:50:56,393 - ts_queue_latency_microseconds.Microseconds:75.7|#model_name:emotion_model,model_version:default|#hostname:Dharaneesh,timestamp:1737692456
2025-01-24T09:50:56,393 - QueueTime.Milliseconds:0.0|#Level:Host|#hostname:Dharaneesh,timestamp:1737692456
2025-01-24T09:50:56,394 - WorkerThreadTime.Milliseconds:3.0|#Level:Host|#hostname:Dharaneesh,timestamp:1737692456
2025-01-24T09:50:56,404 - ts_inference_requests_total.Count:1.0|#model_name:emotion_model,model_version:default|#hostname:Dharaneesh,timestamp:1737692456
2025-01-24T09:50:56,414 - Requests2XX.Count:1.0|#Level:Host|#hostname:Dharaneesh,timestamp:1737692456
2025-01-24T09:50:56,414 - ts_inference_latency_microseconds.Microseconds:9016.8|#model_name:emotion_model,model_version:default|#hostname:Dharaneesh,timestamp:1737692456
2025-01-24T09:50:56,414 - ts_queue_latency_microseconds.Microseconds:49.0|#model_name:emotion_model,model_version:default|#hostname:Dharaneesh,timestamp:1737692456
2025-01-24T09:50:56,415 - QueueTime.Milliseconds:0.0|#Level:Host|#hostname:Dharaneesh,timestamp:1737692456
2025-01-24T09:50:56,415 - WorkerThreadTime.Milliseconds:1.0|#Level:Host|#hostname:Dharaneesh,timestamp:1737692456
2025-01-24T09:50:56,425 - ts_inference_requests_total.Count:1.0|#model_name:emotion_model,model_version:default|#hostname:Dharaneesh,timestamp:1737692456
2025-01-24T09:50:56,439 - Requests2XX.Count:1.0|#Level:Host|#hostname:Dharaneesh,timestamp:1737692456
2025-01-24T09:50:56,439 - ts_inference_latency_microseconds.Microseconds:9985.4|#model_name:emotion_model,model_version:default|#hostname:Dharaneesh,timestamp:1737692456
2025-01-24T09:50:56,439 - ts_queue_latency_microseconds.Microseconds:59.5|#model_name:emotion_model,model_version:default|#hostname:Dharaneesh,timestamp:1737692456
2025-01-24T09:50:56,439 - QueueTime.Milliseconds:0.0|#Level:Host|#hostname:Dharaneesh,timestamp:1737692456
2025-01-24T09:50:56,440 - WorkerThreadTime.Milliseconds:2.0|#Level:Host|#hostname:Dharaneesh,timestamp:1737692456
2025-01-24T09:50:56,453 - ts_inference_requests_total.Count:1.0|#model_name:emotion_model,model_version:default|#hostname:Dharaneesh,timestamp:1737692456
2025-01-24T09:50:56,465 - Requests2XX.Count:1.0|#Level:Host|#hostname:Dharaneesh,timestamp:1737692456
2025-01-24T09:50:56,466 - ts_inference_latency_microseconds.Microseconds:11240.1|#model_name:emotion_model,model_version:default|#hostname:Dharaneesh,timestamp:1737692456
2025-01-24T09:50:56,466 - ts_queue_latency_microseconds.Microseconds:119.4|#model_name:emotion_model,model_version:default|#hostname:Dharaneesh,timestamp:1737692456
2025-01-24T09:50:56,467 - QueueTime.Milliseconds:0.0|#Level:Host|#hostname:Dharaneesh,timestamp:1737692456
2025-01-24T09:50:56,467 - WorkerThreadTime.Milliseconds:2.0|#Level:Host|#hostname:Dharaneesh,timestamp:1737692456
2025-01-24T09:50:56,482 - ts_inference_requests_total.Count:1.0|#model_name:emotion_model,model_version:default|#hostname:Dharaneesh,timestamp:1737692456
2025-01-24T09:50:56,494 - Requests2XX.Count:1.0|#Level:Host|#hostname:Dharaneesh,timestamp:1737692456
2025-01-24T09:50:56,494 - ts_inference_latency_microseconds.Microseconds:11120.4|#model_name:emotion_model,model_version:default|#hostname:Dharaneesh,timestamp:1737692456
2025-01-24T09:50:56,494 - ts_queue_latency_microseconds.Microseconds:54.5|#model_name:emotion_model,model_version:default|#hostname:Dharaneesh,timestamp:1737692456
2025-01-24T09:50:56,495 - QueueTime.Milliseconds:0.0|#Level:Host|#hostname:Dharaneesh,timestamp:1737692456
2025-01-24T09:50:56,495 - WorkerThreadTime.Milliseconds:4.0|#Level:Host|#hostname:Dharaneesh,timestamp:1737692456
2025-01-24T09:50:56,505 - ts_inference_requests_total.Count:1.0|#model_name:emotion_model,model_version:default|#hostname:Dharaneesh,timestamp:1737692456
2025-01-24T09:50:56,516 - Requests2XX.Count:1.0|#Level:Host|#hostname:Dharaneesh,timestamp:1737692456
2025-01-24T09:50:56,517 - ts_inference_latency_microseconds.Microseconds:10412.7|#model_name:emotion_model,model_version:default|#hostname:Dharaneesh,timestamp:1737692456
2025-01-24T09:50:56,517 - ts_queue_latency_microseconds.Microseconds:77.1|#model_name:emotion_model,model_version:default|#hostname:Dharaneesh,timestamp:1737692456
2025-01-24T09:50:56,517 - QueueTime.Milliseconds:0.0|#Level:Host|#hostname:Dharaneesh,timestamp:1737692456
2025-01-24T09:50:56,517 - WorkerThreadTime.Milliseconds:2.0|#Level:Host|#hostname:Dharaneesh,timestamp:1737692456
2025-01-24T09:50:56,529 - ts_inference_requests_total.Count:1.0|#model_name:emotion_model,model_version:default|#hostname:Dharaneesh,timestamp:1737692456
2025-01-24T09:50:56,541 - Requests2XX.Count:1.0|#Level:Host|#hostname:Dharaneesh,timestamp:1737692456
2025-01-24T09:50:56,541 - ts_inference_latency_microseconds.Microseconds:9909.3|#model_name:emotion_model,model_version:default|#hostname:Dharaneesh,timestamp:1737692456
2025-01-24T09:50:56,541 - ts_queue_latency_microseconds.Microseconds:62.6|#model_name:emotion_model,model_version:default|#hostname:Dharaneesh,timestamp:1737692456
2025-01-24T09:50:56,542 - QueueTime.Milliseconds:0.0|#Level:Host|#hostname:Dharaneesh,timestamp:1737692456
2025-01-24T09:50:56,542 - WorkerThreadTime.Milliseconds:1.0|#Level:Host|#hostname:Dharaneesh,timestamp:1737692456
2025-01-24T09:50:56,555 - ts_inference_requests_total.Count:1.0|#model_name:emotion_model,model_version:default|#hostname:Dharaneesh,timestamp:1737692456
2025-01-24T09:50:56,566 - Requests2XX.Count:1.0|#Level:Host|#hostname:Dharaneesh,timestamp:1737692456
2025-01-24T09:50:56,566 - ts_inference_latency_microseconds.Microseconds:10119.7|#model_name:emotion_model,model_version:default|#hostname:Dharaneesh,timestamp:1737692456
2025-01-24T09:50:56,566 - ts_queue_latency_microseconds.Microseconds:72.2|#model_name:emotion_model,model_version:default|#hostname:Dharaneesh,timestamp:1737692456
2025-01-24T09:50:56,567 - QueueTime.Milliseconds:0.0|#Level:Host|#hostname:Dharaneesh,timestamp:1737692456
2025-01-24T09:50:56,567 - WorkerThreadTime.Milliseconds:2.0|#Level:Host|#hostname:Dharaneesh,timestamp:1737692456
2025-01-24T09:50:56,570 - ts_inference_requests_total.Count:1.0|#model_name:emotion_model,model_version:default|#hostname:Dharaneesh,timestamp:1737692456
2025-01-24T09:50:56,581 - Requests2XX.Count:1.0|#Level:Host|#hostname:Dharaneesh,timestamp:1737692456
2025-01-24T09:50:56,581 - ts_inference_latency_microseconds.Microseconds:9876.5|#model_name:emotion_model,model_version:default|#hostname:Dharaneesh,timestamp:1737692456
2025-01-24T09:50:56,581 - ts_queue_latency_microseconds.Microseconds:50.5|#model_name:emotion_model,model_version:default|#hostname:Dharaneesh,timestamp:1737692456
2025-01-24T09:50:56,581 - QueueTime.Milliseconds:0.0|#Level:Host|#hostname:Dharaneesh,timestamp:1737692456
2025-01-24T09:50:56,581 - WorkerThreadTime.Milliseconds:1.0|#Level:Host|#hostname:Dharaneesh,timestamp:1737692456
2025-01-24T09:50:56,584 - ts_inference_requests_total.Count:1.0|#model_name:emotion_model,model_version:default|#hostname:Dharaneesh,timestamp:1737692456
2025-01-24T09:50:56,594 - Requests2XX.Count:1.0|#Level:Host|#hostname:Dharaneesh,timestamp:1737692456
2025-01-24T09:50:56,594 - ts_inference_latency_microseconds.Microseconds:10312.2|#model_name:emotion_model,model_version:default|#hostname:Dharaneesh,timestamp:1737692456
2025-01-24T09:50:56,594 - ts_queue_latency_microseconds.Microseconds:51.1|#model_name:emotion_model,model_version:default|#hostname:Dharaneesh,timestamp:1737692456
2025-01-24T09:50:56,595 - QueueTime.Milliseconds:0.0|#Level:Host|#hostname:Dharaneesh,timestamp:1737692456
2025-01-24T09:50:56,595 - WorkerThreadTime.Milliseconds:1.0|#Level:Host|#hostname:Dharaneesh,timestamp:1737692456
2025-01-24T09:50:56,597 - ts_inference_requests_total.Count:1.0|#model_name:emotion_model,model_version:default|#hostname:Dharaneesh,timestamp:1737692456
2025-01-24T09:50:56,606 - Requests2XX.Count:1.0|#Level:Host|#hostname:Dharaneesh,timestamp:1737692456
2025-01-24T09:50:56,606 - ts_inference_latency_microseconds.Microseconds:8999.9|#model_name:emotion_model,model_version:default|#hostname:Dharaneesh,timestamp:1737692456
2025-01-24T09:50:56,606 - ts_queue_latency_microseconds.Microseconds:39.9|#model_name:emotion_model,model_version:default|#hostname:Dharaneesh,timestamp:1737692456
2025-01-24T09:50:56,606 - QueueTime.Milliseconds:0.0|#Level:Host|#hostname:Dharaneesh,timestamp:1737692456
2025-01-24T09:50:56,606 - WorkerThreadTime.Milliseconds:0.0|#Level:Host|#hostname:Dharaneesh,timestamp:1737692456
2025-01-24T09:50:56,609 - ts_inference_requests_total.Count:1.0|#model_name:emotion_model,model_version:default|#hostname:Dharaneesh,timestamp:1737692456
2025-01-24T09:50:56,620 - Requests2XX.Count:1.0|#Level:Host|#hostname:Dharaneesh,timestamp:1737692456
2025-01-24T09:50:56,620 - ts_inference_latency_microseconds.Microseconds:9639.6|#model_name:emotion_model,model_version:default|#hostname:Dharaneesh,timestamp:1737692456
2025-01-24T09:50:56,620 - ts_queue_latency_microseconds.Microseconds:40.8|#model_name:emotion_model,model_version:default|#hostname:Dharaneesh,timestamp:1737692456
2025-01-24T09:50:56,620 - QueueTime.Milliseconds:0.0|#Level:Host|#hostname:Dharaneesh,timestamp:1737692456
2025-01-24T09:50:56,620 - WorkerThreadTime.Milliseconds:2.0|#Level:Host|#hostname:Dharaneesh,timestamp:1737692456
2025-01-24T09:50:56,622 - ts_inference_requests_total.Count:1.0|#model_name:emotion_model,model_version:default|#hostname:Dharaneesh,timestamp:1737692456
2025-01-24T09:50:56,633 - Requests2XX.Count:1.0|#Level:Host|#hostname:Dharaneesh,timestamp:1737692456
2025-01-24T09:50:56,633 - ts_inference_latency_microseconds.Microseconds:9977.9|#model_name:emotion_model,model_version:default|#hostname:Dharaneesh,timestamp:1737692456
2025-01-24T09:50:56,633 - ts_queue_latency_microseconds.Microseconds:50.0|#model_name:emotion_model,model_version:default|#hostname:Dharaneesh,timestamp:1737692456
2025-01-24T09:50:56,634 - QueueTime.Milliseconds:0.0|#Level:Host|#hostname:Dharaneesh,timestamp:1737692456
2025-01-24T09:50:56,634 - WorkerThreadTime.Milliseconds:2.0|#Level:Host|#hostname:Dharaneesh,timestamp:1737692456
2025-01-24T09:50:56,636 - ts_inference_requests_total.Count:1.0|#model_name:emotion_model,model_version:default|#hostname:Dharaneesh,timestamp:1737692456
2025-01-24T09:50:56,647 - Requests2XX.Count:1.0|#Level:Host|#hostname:Dharaneesh,timestamp:1737692456
2025-01-24T09:50:56,647 - ts_inference_latency_microseconds.Microseconds:10273.4|#model_name:emotion_model,model_version:default|#hostname:Dharaneesh,timestamp:1737692456
2025-01-24T09:50:56,647 - ts_queue_latency_microseconds.Microseconds:52.6|#model_name:emotion_model,model_version:default|#hostname:Dharaneesh,timestamp:1737692456
2025-01-24T09:50:56,648 - QueueTime.Milliseconds:0.0|#Level:Host|#hostname:Dharaneesh,timestamp:1737692456
2025-01-24T09:50:56,648 - WorkerThreadTime.Milliseconds:2.0|#Level:Host|#hostname:Dharaneesh,timestamp:1737692456
2025-01-24T09:50:56,650 - ts_inference_requests_total.Count:1.0|#model_name:emotion_model,model_version:default|#hostname:Dharaneesh,timestamp:1737692456
2025-01-24T09:50:56,660 - Requests2XX.Count:1.0|#Level:Host|#hostname:Dharaneesh,timestamp:1737692456
2025-01-24T09:50:56,660 - ts_inference_latency_microseconds.Microseconds:9433.5|#model_name:emotion_model,model_version:default|#hostname:Dharaneesh,timestamp:1737692456
2025-01-24T09:50:56,660 - ts_queue_latency_microseconds.Microseconds:40.5|#model_name:emotion_model,model_version:default|#hostname:Dharaneesh,timestamp:1737692456
2025-01-24T09:50:56,660 - QueueTime.Milliseconds:0.0|#Level:Host|#hostname:Dharaneesh,timestamp:1737692456
2025-01-24T09:50:56,661 - WorkerThreadTime.Milliseconds:3.0|#Level:Host|#hostname:Dharaneesh,timestamp:1737692456
2025-01-24T09:50:56,667 - ts_inference_requests_total.Count:1.0|#model_name:emotion_model,model_version:default|#hostname:Dharaneesh,timestamp:1737692456
2025-01-24T09:50:56,678 - Requests2XX.Count:1.0|#Level:Host|#hostname:Dharaneesh,timestamp:1737692456
2025-01-24T09:50:56,678 - ts_inference_latency_microseconds.Microseconds:10395.0|#model_name:emotion_model,model_version:default|#hostname:Dharaneesh,timestamp:1737692456
2025-01-24T09:50:56,678 - ts_queue_latency_microseconds.Microseconds:64.1|#model_name:emotion_model,model_version:default|#hostname:Dharaneesh,timestamp:1737692456
2025-01-24T09:50:56,678 - QueueTime.Milliseconds:0.0|#Level:Host|#hostname:Dharaneesh,timestamp:1737692456
2025-01-24T09:50:56,678 - WorkerThreadTime.Milliseconds:1.0|#Level:Host|#hostname:Dharaneesh,timestamp:1737692456
2025-01-24T09:50:56,681 - ts_inference_requests_total.Count:1.0|#model_name:emotion_model,model_version:default|#hostname:Dharaneesh,timestamp:1737692456
2025-01-24T09:50:56,692 - Requests2XX.Count:1.0|#Level:Host|#hostname:Dharaneesh,timestamp:1737692456
2025-01-24T09:50:56,692 - ts_inference_latency_microseconds.Microseconds:10718.1|#model_name:emotion_model,model_version:default|#hostname:Dharaneesh,timestamp:1737692456
2025-01-24T09:50:56,692 - ts_queue_latency_microseconds.Microseconds:54.2|#model_name:emotion_model,model_version:default|#hostname:Dharaneesh,timestamp:1737692456
2025-01-24T09:50:56,692 - QueueTime.Milliseconds:0.0|#Level:Host|#hostname:Dharaneesh,timestamp:1737692456
2025-01-24T09:50:56,692 - WorkerThreadTime.Milliseconds:0.0|#Level:Host|#hostname:Dharaneesh,timestamp:1737692456
2025-01-24T09:50:56,694 - ts_inference_requests_total.Count:1.0|#model_name:emotion_model,model_version:default|#hostname:Dharaneesh,timestamp:1737692456
2025-01-24T09:50:56,706 - Requests2XX.Count:1.0|#Level:Host|#hostname:Dharaneesh,timestamp:1737692456
2025-01-24T09:50:56,706 - ts_inference_latency_microseconds.Microseconds:10150.4|#model_name:emotion_model,model_version:default|#hostname:Dharaneesh,timestamp:1737692456
2025-01-24T09:50:56,706 - ts_queue_latency_microseconds.Microseconds:50.8|#model_name:emotion_model,model_version:default|#hostname:Dharaneesh,timestamp:1737692456
2025-01-24T09:50:56,706 - QueueTime.Milliseconds:0.0|#Level:Host|#hostname:Dharaneesh,timestamp:1737692456
2025-01-24T09:50:56,706 - WorkerThreadTime.Milliseconds:1.0|#Level:Host|#hostname:Dharaneesh,timestamp:1737692456
2025-01-24T09:50:56,708 - ts_inference_requests_total.Count:1.0|#model_name:emotion_model,model_version:default|#hostname:Dharaneesh,timestamp:1737692456
2025-01-24T09:50:56,720 - Requests2XX.Count:1.0|#Level:Host|#hostname:Dharaneesh,timestamp:1737692456
2025-01-24T09:50:56,720 - ts_inference_latency_microseconds.Microseconds:10893.9|#model_name:emotion_model,model_version:default|#hostname:Dharaneesh,timestamp:1737692456
2025-01-24T09:50:56,720 - ts_queue_latency_microseconds.Microseconds:48.1|#model_name:emotion_model,model_version:default|#hostname:Dharaneesh,timestamp:1737692456
2025-01-24T09:50:56,720 - QueueTime.Milliseconds:0.0|#Level:Host|#hostname:Dharaneesh,timestamp:1737692456
2025-01-24T09:50:56,720 - WorkerThreadTime.Milliseconds:2.0|#Level:Host|#hostname:Dharaneesh,timestamp:1737692456
2025-01-24T09:50:56,722 - ts_inference_requests_total.Count:1.0|#model_name:emotion_model,model_version:default|#hostname:Dharaneesh,timestamp:1737692456
2025-01-24T09:50:56,733 - Requests2XX.Count:1.0|#Level:Host|#hostname:Dharaneesh,timestamp:1737692456
2025-01-24T09:50:56,733 - ts_inference_latency_microseconds.Microseconds:9470.6|#model_name:emotion_model,model_version:default|#hostname:Dharaneesh,timestamp:1737692456
2025-01-24T09:50:56,733 - ts_queue_latency_microseconds.Microseconds:102.0|#model_name:emotion_model,model_version:default|#hostname:Dharaneesh,timestamp:1737692456
2025-01-24T09:50:56,733 - QueueTime.Milliseconds:0.0|#Level:Host|#hostname:Dharaneesh,timestamp:1737692456
2025-01-24T09:50:56,734 - WorkerThreadTime.Milliseconds:3.0|#Level:Host|#hostname:Dharaneesh,timestamp:1737692456
2025-01-24T09:50:56,736 - ts_inference_requests_total.Count:1.0|#model_name:emotion_model,model_version:default|#hostname:Dharaneesh,timestamp:1737692456
2025-01-24T09:50:56,745 - Requests2XX.Count:1.0|#Level:Host|#hostname:Dharaneesh,timestamp:1737692456
2025-01-24T09:50:56,745 - ts_inference_latency_microseconds.Microseconds:8926.8|#model_name:emotion_model,model_version:default|#hostname:Dharaneesh,timestamp:1737692456
2025-01-24T09:50:56,745 - ts_queue_latency_microseconds.Microseconds:51.8|#model_name:emotion_model,model_version:default|#hostname:Dharaneesh,timestamp:1737692456
2025-01-24T09:50:56,745 - QueueTime.Milliseconds:0.0|#Level:Host|#hostname:Dharaneesh,timestamp:1737692456
2025-01-24T09:50:56,745 - WorkerThreadTime.Milliseconds:1.0|#Level:Host|#hostname:Dharaneesh,timestamp:1737692456
2025-01-24T09:50:56,747 - ts_inference_requests_total.Count:1.0|#model_name:emotion_model,model_version:default|#hostname:Dharaneesh,timestamp:1737692456
2025-01-24T09:50:56,758 - Requests2XX.Count:1.0|#Level:Host|#hostname:Dharaneesh,timestamp:1737692456
2025-01-24T09:50:56,759 - ts_inference_latency_microseconds.Microseconds:10349.8|#model_name:emotion_model,model_version:default|#hostname:Dharaneesh,timestamp:1737692456
2025-01-24T09:50:56,759 - ts_queue_latency_microseconds.Microseconds:41.5|#model_name:emotion_model,model_version:default|#hostname:Dharaneesh,timestamp:1737692456
2025-01-24T09:50:56,759 - QueueTime.Milliseconds:0.0|#Level:Host|#hostname:Dharaneesh,timestamp:1737692456
2025-01-24T09:50:56,759 - WorkerThreadTime.Milliseconds:2.0|#Level:Host|#hostname:Dharaneesh,timestamp:1737692456
2025-01-24T09:50:56,761 - ts_inference_requests_total.Count:1.0|#model_name:emotion_model,model_version:default|#hostname:Dharaneesh,timestamp:1737692456
2025-01-24T09:50:56,771 - Requests2XX.Count:1.0|#Level:Host|#hostname:Dharaneesh,timestamp:1737692456
2025-01-24T09:50:56,771 - ts_inference_latency_microseconds.Microseconds:9361.5|#model_name:emotion_model,model_version:default|#hostname:Dharaneesh,timestamp:1737692456
2025-01-24T09:50:56,771 - ts_queue_latency_microseconds.Microseconds:37.5|#model_name:emotion_model,model_version:default|#hostname:Dharaneesh,timestamp:1737692456
2025-01-24T09:50:56,771 - QueueTime.Milliseconds:0.0|#Level:Host|#hostname:Dharaneesh,timestamp:1737692456
2025-01-24T09:50:56,771 - WorkerThreadTime.Milliseconds:1.0|#Level:Host|#hostname:Dharaneesh,timestamp:1737692456
2025-01-24T09:50:56,773 - ts_inference_requests_total.Count:1.0|#model_name:emotion_model,model_version:default|#hostname:Dharaneesh,timestamp:1737692456
2025-01-24T09:50:56,787 - Requests2XX.Count:1.0|#Level:Host|#hostname:Dharaneesh,timestamp:1737692456
2025-01-24T09:50:56,787 - ts_inference_latency_microseconds.Microseconds:11758.3|#model_name:emotion_model,model_version:default|#hostname:Dharaneesh,timestamp:1737692456
2025-01-24T09:50:56,787 - ts_queue_latency_microseconds.Microseconds:58.1|#model_name:emotion_model,model_version:default|#hostname:Dharaneesh,timestamp:1737692456
2025-01-24T09:50:56,787 - QueueTime.Milliseconds:0.0|#Level:Host|#hostname:Dharaneesh,timestamp:1737692456
2025-01-24T09:50:56,787 - WorkerThreadTime.Milliseconds:1.0|#Level:Host|#hostname:Dharaneesh,timestamp:1737692456
2025-01-24T09:50:56,787 - ts_inference_requests_total.Count:1.0|#model_name:emotion_model,model_version:default|#hostname:Dharaneesh,timestamp:1737692456
2025-01-24T09:50:56,806 - Requests2XX.Count:1.0|#Level:Host|#hostname:Dharaneesh,timestamp:1737692456
2025-01-24T09:50:56,806 - ts_inference_latency_microseconds.Microseconds:15716.5|#model_name:emotion_model,model_version:default|#hostname:Dharaneesh,timestamp:1737692456
2025-01-24T09:50:56,807 - ts_queue_latency_microseconds.Microseconds:63.6|#model_name:emotion_model,model_version:default|#hostname:Dharaneesh,timestamp:1737692456
2025-01-24T09:50:56,807 - QueueTime.Milliseconds:0.0|#Level:Host|#hostname:Dharaneesh,timestamp:1737692456
2025-01-24T09:50:56,807 - WorkerThreadTime.Milliseconds:1.0|#Level:Host|#hostname:Dharaneesh,timestamp:1737692456
2025-01-24T09:50:56,809 - ts_inference_requests_total.Count:1.0|#model_name:emotion_model,model_version:default|#hostname:Dharaneesh,timestamp:1737692456
2025-01-24T09:50:56,819 - Requests2XX.Count:1.0|#Level:Host|#hostname:Dharaneesh,timestamp:1737692456
2025-01-24T09:50:56,820 - ts_inference_latency_microseconds.Microseconds:9288.9|#model_name:emotion_model,model_version:default|#hostname:Dharaneesh,timestamp:1737692456
2025-01-24T09:50:56,820 - ts_queue_latency_microseconds.Microseconds:63.6|#model_name:emotion_model,model_version:default|#hostname:Dharaneesh,timestamp:1737692456
2025-01-24T09:50:56,820 - QueueTime.Milliseconds:0.0|#Level:Host|#hostname:Dharaneesh,timestamp:1737692456
2025-01-24T09:50:56,820 - WorkerThreadTime.Milliseconds:1.0|#Level:Host|#hostname:Dharaneesh,timestamp:1737692456
2025-01-24T09:50:56,822 - ts_inference_requests_total.Count:1.0|#model_name:emotion_model,model_version:default|#hostname:Dharaneesh,timestamp:1737692456
2025-01-24T09:50:56,832 - Requests2XX.Count:1.0|#Level:Host|#hostname:Dharaneesh,timestamp:1737692456
2025-01-24T09:50:56,833 - ts_inference_latency_microseconds.Microseconds:9184.2|#model_name:emotion_model,model_version:default|#hostname:Dharaneesh,timestamp:1737692456
2025-01-24T09:50:56,833 - ts_queue_latency_microseconds.Microseconds:52.0|#model_name:emotion_model,model_version:default|#hostname:Dharaneesh,timestamp:1737692456
2025-01-24T09:50:56,833 - QueueTime.Milliseconds:0.0|#Level:Host|#hostname:Dharaneesh,timestamp:1737692456
2025-01-24T09:50:56,833 - WorkerThreadTime.Milliseconds:3.0|#Level:Host|#hostname:Dharaneesh,timestamp:1737692456
2025-01-24T09:50:56,835 - ts_inference_requests_total.Count:1.0|#model_name:emotion_model,model_version:default|#hostname:Dharaneesh,timestamp:1737692456
2025-01-24T09:50:56,845 - Requests2XX.Count:1.0|#Level:Host|#hostname:Dharaneesh,timestamp:1737692456
2025-01-24T09:50:56,845 - ts_inference_latency_microseconds.Microseconds:9821.1|#model_name:emotion_model,model_version:default|#hostname:Dharaneesh,timestamp:1737692456
2025-01-24T09:50:56,845 - ts_queue_latency_microseconds.Microseconds:42.1|#model_name:emotion_model,model_version:default|#hostname:Dharaneesh,timestamp:1737692456
2025-01-24T09:50:56,846 - QueueTime.Milliseconds:0.0|#Level:Host|#hostname:Dharaneesh,timestamp:1737692456
2025-01-24T09:50:56,846 - WorkerThreadTime.Milliseconds:1.0|#Level:Host|#hostname:Dharaneesh,timestamp:1737692456
2025-01-24T09:50:56,848 - ts_inference_requests_total.Count:1.0|#model_name:emotion_model,model_version:default|#hostname:Dharaneesh,timestamp:1737692456
2025-01-24T09:50:56,858 - Requests2XX.Count:1.0|#Level:Host|#hostname:Dharaneesh,timestamp:1737692456
2025-01-24T09:50:56,858 - ts_inference_latency_microseconds.Microseconds:9245.7|#model_name:emotion_model,model_version:default|#hostname:Dharaneesh,timestamp:1737692456
2025-01-24T09:50:56,858 - ts_queue_latency_microseconds.Microseconds:46.0|#model_name:emotion_model,model_version:default|#hostname:Dharaneesh,timestamp:1737692456
2025-01-24T09:50:56,858 - QueueTime.Milliseconds:0.0|#Level:Host|#hostname:Dharaneesh,timestamp:1737692456
2025-01-24T09:50:56,858 - WorkerThreadTime.Milliseconds:1.0|#Level:Host|#hostname:Dharaneesh,timestamp:1737692456
2025-01-24T09:50:56,858 - ts_inference_requests_total.Count:1.0|#model_name:emotion_model,model_version:default|#hostname:Dharaneesh,timestamp:1737692456
2025-01-24T09:50:56,871 - Requests2XX.Count:1.0|#Level:Host|#hostname:Dharaneesh,timestamp:1737692456
2025-01-24T09:50:56,871 - ts_inference_latency_microseconds.Microseconds:9581.0|#model_name:emotion_model,model_version:default|#hostname:Dharaneesh,timestamp:1737692456
2025-01-24T09:50:56,871 - ts_queue_latency_microseconds.Microseconds:35.1|#model_name:emotion_model,model_version:default|#hostname:Dharaneesh,timestamp:1737692456
2025-01-24T09:50:56,871 - QueueTime.Milliseconds:0.0|#Level:Host|#hostname:Dharaneesh,timestamp:1737692456
2025-01-24T09:50:56,871 - WorkerThreadTime.Milliseconds:1.0|#Level:Host|#hostname:Dharaneesh,timestamp:1737692456
2025-01-24T09:50:56,871 - ts_inference_requests_total.Count:1.0|#model_name:emotion_model,model_version:default|#hostname:Dharaneesh,timestamp:1737692456
2025-01-24T09:50:56,883 - Requests2XX.Count:1.0|#Level:Host|#hostname:Dharaneesh,timestamp:1737692456
2025-01-24T09:50:56,884 - ts_inference_latency_microseconds.Microseconds:9565.9|#model_name:emotion_model,model_version:default|#hostname:Dharaneesh,timestamp:1737692456
2025-01-24T09:50:56,884 - ts_queue_latency_microseconds.Microseconds:38.6|#model_name:emotion_model,model_version:default|#hostname:Dharaneesh,timestamp:1737692456
2025-01-24T09:50:56,884 - QueueTime.Milliseconds:0.0|#Level:Host|#hostname:Dharaneesh,timestamp:1737692456
2025-01-24T09:50:56,884 - WorkerThreadTime.Milliseconds:1.0|#Level:Host|#hostname:Dharaneesh,timestamp:1737692456
2025-01-24T09:50:56,886 - ts_inference_requests_total.Count:1.0|#model_name:emotion_model,model_version:default|#hostname:Dharaneesh,timestamp:1737692456
2025-01-24T09:50:56,897 - Requests2XX.Count:1.0|#Level:Host|#hostname:Dharaneesh,timestamp:1737692456
2025-01-24T09:50:56,897 - ts_inference_latency_microseconds.Microseconds:10326.9|#model_name:emotion_model,model_version:default|#hostname:Dharaneesh,timestamp:1737692456
2025-01-24T09:50:56,897 - ts_queue_latency_microseconds.Microseconds:44.7|#model_name:emotion_model,model_version:default|#hostname:Dharaneesh,timestamp:1737692456
2025-01-24T09:50:56,898 - QueueTime.Milliseconds:0.0|#Level:Host|#hostname:Dharaneesh,timestamp:1737692456
2025-01-24T09:50:56,898 - WorkerThreadTime.Milliseconds:2.0|#Level:Host|#hostname:Dharaneesh,timestamp:1737692456
2025-01-24T09:50:56,898 - ts_inference_requests_total.Count:1.0|#model_name:emotion_model,model_version:default|#hostname:Dharaneesh,timestamp:1737692456
2025-01-24T09:50:56,910 - Requests2XX.Count:1.0|#Level:Host|#hostname:Dharaneesh,timestamp:1737692456
2025-01-24T09:50:56,911 - ts_inference_latency_microseconds.Microseconds:10920.0|#model_name:emotion_model,model_version:default|#hostname:Dharaneesh,timestamp:1737692456
2025-01-24T09:50:56,912 - ts_queue_latency_microseconds.Microseconds:40.0|#model_name:emotion_model,model_version:default|#hostname:Dharaneesh,timestamp:1737692456
2025-01-24T09:50:56,912 - QueueTime.Milliseconds:0.0|#Level:Host|#hostname:Dharaneesh,timestamp:1737692456
2025-01-24T09:50:56,912 - WorkerThreadTime.Milliseconds:2.0|#Level:Host|#hostname:Dharaneesh,timestamp:1737692456
2025-01-24T09:50:56,912 - ts_inference_requests_total.Count:1.0|#model_name:emotion_model,model_version:default|#hostname:Dharaneesh,timestamp:1737692456
2025-01-24T09:50:56,923 - Requests2XX.Count:1.0|#Level:Host|#hostname:Dharaneesh,timestamp:1737692456
2025-01-24T09:50:56,923 - ts_inference_latency_microseconds.Microseconds:8490.5|#model_name:emotion_model,model_version:default|#hostname:Dharaneesh,timestamp:1737692456
2025-01-24T09:50:56,923 - ts_queue_latency_microseconds.Microseconds:37.6|#model_name:emotion_model,model_version:default|#hostname:Dharaneesh,timestamp:1737692456
2025-01-24T09:50:56,923 - QueueTime.Milliseconds:0.0|#Level:Host|#hostname:Dharaneesh,timestamp:1737692456
2025-01-24T09:50:56,923 - WorkerThreadTime.Milliseconds:1.0|#Level:Host|#hostname:Dharaneesh,timestamp:1737692456
2025-01-24T09:50:56,925 - ts_inference_requests_total.Count:1.0|#model_name:emotion_model,model_version:default|#hostname:Dharaneesh,timestamp:1737692456
2025-01-24T09:50:56,935 - Requests2XX.Count:1.0|#Level:Host|#hostname:Dharaneesh,timestamp:1737692456
2025-01-24T09:50:56,935 - ts_inference_latency_microseconds.Microseconds:9162.3|#model_name:emotion_model,model_version:default|#hostname:Dharaneesh,timestamp:1737692456
2025-01-24T09:50:56,935 - ts_queue_latency_microseconds.Microseconds:39.9|#model_name:emotion_model,model_version:default|#hostname:Dharaneesh,timestamp:1737692456
2025-01-24T09:50:56,935 - QueueTime.Milliseconds:0.0|#Level:Host|#hostname:Dharaneesh,timestamp:1737692456
2025-01-24T09:50:56,935 - WorkerThreadTime.Milliseconds:1.0|#Level:Host|#hostname:Dharaneesh,timestamp:1737692456
2025-01-24T09:50:56,935 - ts_inference_requests_total.Count:1.0|#model_name:emotion_model,model_version:default|#hostname:Dharaneesh,timestamp:1737692456
2025-01-24T09:50:56,948 - Requests2XX.Count:1.0|#Level:Host|#hostname:Dharaneesh,timestamp:1737692456
2025-01-24T09:50:56,948 - ts_inference_latency_microseconds.Microseconds:10656.4|#model_name:emotion_model,model_version:default|#hostname:Dharaneesh,timestamp:1737692456
2025-01-24T09:50:56,948 - ts_queue_latency_microseconds.Microseconds:47.6|#model_name:emotion_model,model_version:default|#hostname:Dharaneesh,timestamp:1737692456
2025-01-24T09:50:56,949 - QueueTime.Milliseconds:0.0|#Level:Host|#hostname:Dharaneesh,timestamp:1737692456
2025-01-24T09:50:56,949 - WorkerThreadTime.Milliseconds:1.0|#Level:Host|#hostname:Dharaneesh,timestamp:1737692456
2025-01-24T09:50:56,951 - ts_inference_requests_total.Count:1.0|#model_name:emotion_model,model_version:default|#hostname:Dharaneesh,timestamp:1737692456
2025-01-24T09:50:56,961 - Requests2XX.Count:1.0|#Level:Host|#hostname:Dharaneesh,timestamp:1737692456
2025-01-24T09:50:56,962 - ts_inference_latency_microseconds.Microseconds:10466.1|#model_name:emotion_model,model_version:default|#hostname:Dharaneesh,timestamp:1737692456
2025-01-24T09:50:56,962 - ts_queue_latency_microseconds.Microseconds:32.5|#model_name:emotion_model,model_version:default|#hostname:Dharaneesh,timestamp:1737692456
2025-01-24T09:50:56,962 - QueueTime.Milliseconds:0.0|#Level:Host|#hostname:Dharaneesh,timestamp:1737692456
2025-01-24T09:50:56,962 - WorkerThreadTime.Milliseconds:2.0|#Level:Host|#hostname:Dharaneesh,timestamp:1737692456
2025-01-24T09:50:56,964 - ts_inference_requests_total.Count:1.0|#model_name:emotion_model,model_version:default|#hostname:Dharaneesh,timestamp:1737692456
2025-01-24T09:50:56,974 - Requests2XX.Count:1.0|#Level:Host|#hostname:Dharaneesh,timestamp:1737692456
2025-01-24T09:50:56,974 - ts_inference_latency_microseconds.Microseconds:8943.0|#model_name:emotion_model,model_version:default|#hostname:Dharaneesh,timestamp:1737692456
2025-01-24T09:50:56,974 - ts_queue_latency_microseconds.Microseconds:76.0|#model_name:emotion_model,model_version:default|#hostname:Dharaneesh,timestamp:1737692456
2025-01-24T09:50:56,974 - QueueTime.Milliseconds:0.0|#Level:Host|#hostname:Dharaneesh,timestamp:1737692456
2025-01-24T09:50:56,974 - WorkerThreadTime.Milliseconds:2.0|#Level:Host|#hostname:Dharaneesh,timestamp:1737692456
2025-01-24T09:50:56,976 - ts_inference_requests_total.Count:1.0|#model_name:emotion_model,model_version:default|#hostname:Dharaneesh,timestamp:1737692456
2025-01-24T09:50:56,987 - Requests2XX.Count:1.0|#Level:Host|#hostname:Dharaneesh,timestamp:1737692456
2025-01-24T09:50:56,987 - ts_inference_latency_microseconds.Microseconds:9997.9|#model_name:emotion_model,model_version:default|#hostname:Dharaneesh,timestamp:1737692456
2025-01-24T09:50:56,988 - ts_queue_latency_microseconds.Microseconds:54.1|#model_name:emotion_model,model_version:default|#hostname:Dharaneesh,timestamp:1737692456
2025-01-24T09:50:56,988 - QueueTime.Milliseconds:0.0|#Level:Host|#hostname:Dharaneesh,timestamp:1737692456
2025-01-24T09:50:56,988 - WorkerThreadTime.Milliseconds:3.0|#Level:Host|#hostname:Dharaneesh,timestamp:1737692456
2025-01-24T09:50:56,988 - ts_inference_requests_total.Count:1.0|#model_name:emotion_model,model_version:default|#hostname:Dharaneesh,timestamp:1737692456
2025-01-24T09:50:56,999 - Requests2XX.Count:1.0|#Level:Host|#hostname:Dharaneesh,timestamp:1737692456
2025-01-24T09:50:56,999 - ts_inference_latency_microseconds.Microseconds:8743.8|#model_name:emotion_model,model_version:default|#hostname:Dharaneesh,timestamp:1737692456
2025-01-24T09:50:56,999 - ts_queue_latency_microseconds.Microseconds:54.7|#model_name:emotion_model,model_version:default|#hostname:Dharaneesh,timestamp:1737692456
2025-01-24T09:50:56,999 - QueueTime.Milliseconds:0.0|#Level:Host|#hostname:Dharaneesh,timestamp:1737692456
2025-01-24T09:50:56,999 - WorkerThreadTime.Milliseconds:1.0|#Level:Host|#hostname:Dharaneesh,timestamp:1737692456
2025-01-24T09:50:57,002 - ts_inference_requests_total.Count:1.0|#model_name:emotion_model,model_version:default|#hostname:Dharaneesh,timestamp:1737692457
2025-01-24T09:50:57,013 - Requests2XX.Count:1.0|#Level:Host|#hostname:Dharaneesh,timestamp:1737692457
2025-01-24T09:50:57,013 - ts_inference_latency_microseconds.Microseconds:10890.0|#model_name:emotion_model,model_version:default|#hostname:Dharaneesh,timestamp:1737692457
2025-01-24T09:50:57,013 - ts_queue_latency_microseconds.Microseconds:74.3|#model_name:emotion_model,model_version:default|#hostname:Dharaneesh,timestamp:1737692457
2025-01-24T09:50:57,013 - QueueTime.Milliseconds:0.0|#Level:Host|#hostname:Dharaneesh,timestamp:1737692457
2025-01-24T09:50:57,013 - WorkerThreadTime.Milliseconds:1.0|#Level:Host|#hostname:Dharaneesh,timestamp:1737692457
2025-01-24T09:50:57,015 - ts_inference_requests_total.Count:1.0|#model_name:emotion_model,model_version:default|#hostname:Dharaneesh,timestamp:1737692457
2025-01-24T09:50:57,025 - Requests2XX.Count:1.0|#Level:Host|#hostname:Dharaneesh,timestamp:1737692457
2025-01-24T09:50:57,026 - ts_inference_latency_microseconds.Microseconds:8844.0|#model_name:emotion_model,model_version:default|#hostname:Dharaneesh,timestamp:1737692457
2025-01-24T09:50:57,026 - ts_queue_latency_microseconds.Microseconds:43.4|#model_name:emotion_model,model_version:default|#hostname:Dharaneesh,timestamp:1737692457
2025-01-24T09:50:57,026 - QueueTime.Milliseconds:0.0|#Level:Host|#hostname:Dharaneesh,timestamp:1737692457
2025-01-24T09:50:57,026 - WorkerThreadTime.Milliseconds:2.0|#Level:Host|#hostname:Dharaneesh,timestamp:1737692457
2025-01-24T09:50:57,028 - ts_inference_requests_total.Count:1.0|#model_name:emotion_model,model_version:default|#hostname:Dharaneesh,timestamp:1737692457
2025-01-24T09:50:57,037 - Requests2XX.Count:1.0|#Level:Host|#hostname:Dharaneesh,timestamp:1737692457
2025-01-24T09:50:57,037 - ts_inference_latency_microseconds.Microseconds:8715.8|#model_name:emotion_model,model_version:default|#hostname:Dharaneesh,timestamp:1737692457
2025-01-24T09:50:57,037 - ts_queue_latency_microseconds.Microseconds:48.2|#model_name:emotion_model,model_version:default|#hostname:Dharaneesh,timestamp:1737692457
2025-01-24T09:50:57,037 - QueueTime.Milliseconds:0.0|#Level:Host|#hostname:Dharaneesh,timestamp:1737692457
2025-01-24T09:50:57,038 - WorkerThreadTime.Milliseconds:2.0|#Level:Host|#hostname:Dharaneesh,timestamp:1737692457
2025-01-24T09:50:57,040 - ts_inference_requests_total.Count:1.0|#model_name:emotion_model,model_version:default|#hostname:Dharaneesh,timestamp:1737692457
2025-01-24T09:50:57,050 - Requests2XX.Count:1.0|#Level:Host|#hostname:Dharaneesh,timestamp:1737692457
2025-01-24T09:50:57,050 - ts_inference_latency_microseconds.Microseconds:9861.6|#model_name:emotion_model,model_version:default|#hostname:Dharaneesh,timestamp:1737692457
2025-01-24T09:50:57,050 - ts_queue_latency_microseconds.Microseconds:40.2|#model_name:emotion_model,model_version:default|#hostname:Dharaneesh,timestamp:1737692457
2025-01-24T09:50:57,051 - QueueTime.Milliseconds:0.0|#Level:Host|#hostname:Dharaneesh,timestamp:1737692457
2025-01-24T09:50:57,051 - WorkerThreadTime.Milliseconds:1.0|#Level:Host|#hostname:Dharaneesh,timestamp:1737692457
2025-01-24T09:50:57,053 - ts_inference_requests_total.Count:1.0|#model_name:emotion_model,model_version:default|#hostname:Dharaneesh,timestamp:1737692457
2025-01-24T09:50:57,062 - Requests2XX.Count:1.0|#Level:Host|#hostname:Dharaneesh,timestamp:1737692457
2025-01-24T09:50:57,062 - ts_inference_latency_microseconds.Microseconds:8957.9|#model_name:emotion_model,model_version:default|#hostname:Dharaneesh,timestamp:1737692457
2025-01-24T09:50:57,063 - ts_queue_latency_microseconds.Microseconds:46.9|#model_name:emotion_model,model_version:default|#hostname:Dharaneesh,timestamp:1737692457
2025-01-24T09:50:57,063 - QueueTime.Milliseconds:0.0|#Level:Host|#hostname:Dharaneesh,timestamp:1737692457
2025-01-24T09:50:57,063 - WorkerThreadTime.Milliseconds:1.0|#Level:Host|#hostname:Dharaneesh,timestamp:1737692457
2025-01-24T09:50:57,064 - ts_inference_requests_total.Count:1.0|#model_name:emotion_model,model_version:default|#hostname:Dharaneesh,timestamp:1737692457
2025-01-24T09:50:57,076 - Requests2XX.Count:1.0|#Level:Host|#hostname:Dharaneesh,timestamp:1737692457
2025-01-24T09:50:57,076 - ts_inference_latency_microseconds.Microseconds:9424.6|#model_name:emotion_model,model_version:default|#hostname:Dharaneesh,timestamp:1737692457
2025-01-24T09:50:57,076 - ts_queue_latency_microseconds.Microseconds:39.5|#model_name:emotion_model,model_version:default|#hostname:Dharaneesh,timestamp:1737692457
2025-01-24T09:50:57,076 - QueueTime.Milliseconds:0.0|#Level:Host|#hostname:Dharaneesh,timestamp:1737692457
2025-01-24T09:50:57,076 - WorkerThreadTime.Milliseconds:0.0|#Level:Host|#hostname:Dharaneesh,timestamp:1737692457
2025-01-24T09:50:57,079 - ts_inference_requests_total.Count:1.0|#model_name:emotion_model,model_version:default|#hostname:Dharaneesh,timestamp:1737692457
2025-01-24T09:50:57,088 - Requests2XX.Count:1.0|#Level:Host|#hostname:Dharaneesh,timestamp:1737692457
2025-01-24T09:50:57,089 - ts_inference_latency_microseconds.Microseconds:8926.9|#model_name:emotion_model,model_version:default|#hostname:Dharaneesh,timestamp:1737692457
2025-01-24T09:50:57,089 - ts_queue_latency_microseconds.Microseconds:41.7|#model_name:emotion_model,model_version:default|#hostname:Dharaneesh,timestamp:1737692457
2025-01-24T09:50:57,089 - QueueTime.Milliseconds:0.0|#Level:Host|#hostname:Dharaneesh,timestamp:1737692457
2025-01-24T09:50:57,089 - WorkerThreadTime.Milliseconds:1.0|#Level:Host|#hostname:Dharaneesh,timestamp:1737692457
2025-01-24T09:50:57,091 - ts_inference_requests_total.Count:1.0|#model_name:emotion_model,model_version:default|#hostname:Dharaneesh,timestamp:1737692457
2025-01-24T09:50:57,101 - Requests2XX.Count:1.0|#Level:Host|#hostname:Dharaneesh,timestamp:1737692457
2025-01-24T09:50:57,101 - ts_inference_latency_microseconds.Microseconds:9321.9|#model_name:emotion_model,model_version:default|#hostname:Dharaneesh,timestamp:1737692457
2025-01-24T09:50:57,101 - ts_queue_latency_microseconds.Microseconds:42.4|#model_name:emotion_model,model_version:default|#hostname:Dharaneesh,timestamp:1737692457
2025-01-24T09:50:57,101 - QueueTime.Milliseconds:0.0|#Level:Host|#hostname:Dharaneesh,timestamp:1737692457
2025-01-24T09:50:57,101 - WorkerThreadTime.Milliseconds:1.0|#Level:Host|#hostname:Dharaneesh,timestamp:1737692457
2025-01-24T09:50:57,102 - ts_inference_requests_total.Count:1.0|#model_name:emotion_model,model_version:default|#hostname:Dharaneesh,timestamp:1737692457
2025-01-24T09:50:57,112 - Requests2XX.Count:1.0|#Level:Host|#hostname:Dharaneesh,timestamp:1737692457
2025-01-24T09:50:57,112 - ts_inference_latency_microseconds.Microseconds:8429.7|#model_name:emotion_model,model_version:default|#hostname:Dharaneesh,timestamp:1737692457
2025-01-24T09:50:57,113 - ts_queue_latency_microseconds.Microseconds:41.1|#model_name:emotion_model,model_version:default|#hostname:Dharaneesh,timestamp:1737692457
2025-01-24T09:50:57,113 - QueueTime.Milliseconds:0.0|#Level:Host|#hostname:Dharaneesh,timestamp:1737692457
2025-01-24T09:50:57,113 - WorkerThreadTime.Milliseconds:1.0|#Level:Host|#hostname:Dharaneesh,timestamp:1737692457
2025-01-24T09:50:57,113 - ts_inference_requests_total.Count:1.0|#model_name:emotion_model,model_version:default|#hostname:Dharaneesh,timestamp:1737692457
2025-01-24T09:50:57,124 - Requests2XX.Count:1.0|#Level:Host|#hostname:Dharaneesh,timestamp:1737692457
2025-01-24T09:50:57,125 - ts_inference_latency_microseconds.Microseconds:8709.9|#model_name:emotion_model,model_version:default|#hostname:Dharaneesh,timestamp:1737692457
2025-01-24T09:50:57,125 - ts_queue_latency_microseconds.Microseconds:36.7|#model_name:emotion_model,model_version:default|#hostname:Dharaneesh,timestamp:1737692457
2025-01-24T09:50:57,125 - QueueTime.Milliseconds:0.0|#Level:Host|#hostname:Dharaneesh,timestamp:1737692457
2025-01-24T09:50:57,125 - WorkerThreadTime.Milliseconds:2.0|#Level:Host|#hostname:Dharaneesh,timestamp:1737692457
2025-01-24T09:50:57,127 - ts_inference_requests_total.Count:1.0|#model_name:emotion_model,model_version:default|#hostname:Dharaneesh,timestamp:1737692457
2025-01-24T09:50:57,138 - Requests2XX.Count:1.0|#Level:Host|#hostname:Dharaneesh,timestamp:1737692457
2025-01-24T09:50:57,138 - ts_inference_latency_microseconds.Microseconds:9741.6|#model_name:emotion_model,model_version:default|#hostname:Dharaneesh,timestamp:1737692457
2025-01-24T09:50:57,138 - ts_queue_latency_microseconds.Microseconds:52.9|#model_name:emotion_model,model_version:default|#hostname:Dharaneesh,timestamp:1737692457
2025-01-24T09:50:57,138 - QueueTime.Milliseconds:0.0|#Level:Host|#hostname:Dharaneesh,timestamp:1737692457
2025-01-24T09:50:57,138 - WorkerThreadTime.Milliseconds:1.0|#Level:Host|#hostname:Dharaneesh,timestamp:1737692457
2025-01-24T09:50:57,141 - ts_inference_requests_total.Count:1.0|#model_name:emotion_model,model_version:default|#hostname:Dharaneesh,timestamp:1737692457
2025-01-24T09:50:57,153 - Requests2XX.Count:1.0|#Level:Host|#hostname:Dharaneesh,timestamp:1737692457
2025-01-24T09:50:57,153 - ts_inference_latency_microseconds.Microseconds:11654.3|#model_name:emotion_model,model_version:default|#hostname:Dharaneesh,timestamp:1737692457
2025-01-24T09:50:57,153 - ts_queue_latency_microseconds.Microseconds:100.8|#model_name:emotion_model,model_version:default|#hostname:Dharaneesh,timestamp:1737692457
2025-01-24T09:50:57,153 - QueueTime.Milliseconds:0.0|#Level:Host|#hostname:Dharaneesh,timestamp:1737692457
2025-01-24T09:50:57,153 - WorkerThreadTime.Milliseconds:2.0|#Level:Host|#hostname:Dharaneesh,timestamp:1737692457
2025-01-24T09:50:57,155 - ts_inference_requests_total.Count:1.0|#model_name:emotion_model,model_version:default|#hostname:Dharaneesh,timestamp:1737692457
2025-01-24T09:50:57,166 - Requests2XX.Count:1.0|#Level:Host|#hostname:Dharaneesh,timestamp:1737692457
2025-01-24T09:50:57,166 - ts_inference_latency_microseconds.Microseconds:10179.9|#model_name:emotion_model,model_version:default|#hostname:Dharaneesh,timestamp:1737692457
2025-01-24T09:50:57,166 - ts_queue_latency_microseconds.Microseconds:45.3|#model_name:emotion_model,model_version:default|#hostname:Dharaneesh,timestamp:1737692457
2025-01-24T09:50:57,166 - QueueTime.Milliseconds:0.0|#Level:Host|#hostname:Dharaneesh,timestamp:1737692457
2025-01-24T09:50:57,166 - WorkerThreadTime.Milliseconds:2.0|#Level:Host|#hostname:Dharaneesh,timestamp:1737692457
2025-01-24T09:50:57,169 - ts_inference_requests_total.Count:1.0|#model_name:emotion_model,model_version:default|#hostname:Dharaneesh,timestamp:1737692457
2025-01-24T09:50:57,181 - Requests2XX.Count:1.0|#Level:Host|#hostname:Dharaneesh,timestamp:1737692457
2025-01-24T09:50:57,181 - ts_inference_latency_microseconds.Microseconds:11848.8|#model_name:emotion_model,model_version:default|#hostname:Dharaneesh,timestamp:1737692457
2025-01-24T09:50:57,182 - ts_queue_latency_microseconds.Microseconds:53.4|#model_name:emotion_model,model_version:default|#hostname:Dharaneesh,timestamp:1737692457
2025-01-24T09:50:57,182 - QueueTime.Milliseconds:0.0|#Level:Host|#hostname:Dharaneesh,timestamp:1737692457
2025-01-24T09:50:57,182 - WorkerThreadTime.Milliseconds:1.0|#Level:Host|#hostname:Dharaneesh,timestamp:1737692457
2025-01-24T09:50:57,184 - ts_inference_requests_total.Count:1.0|#model_name:emotion_model,model_version:default|#hostname:Dharaneesh,timestamp:1737692457
2025-01-24T09:50:57,195 - Requests2XX.Count:1.0|#Level:Host|#hostname:Dharaneesh,timestamp:1737692457
2025-01-24T09:50:57,196 - ts_inference_latency_microseconds.Microseconds:10175.3|#model_name:emotion_model,model_version:default|#hostname:Dharaneesh,timestamp:1737692457
2025-01-24T09:50:57,196 - ts_queue_latency_microseconds.Microseconds:63.3|#model_name:emotion_model,model_version:default|#hostname:Dharaneesh,timestamp:1737692457
2025-01-24T09:50:57,196 - QueueTime.Milliseconds:0.0|#Level:Host|#hostname:Dharaneesh,timestamp:1737692457
2025-01-24T09:50:57,196 - WorkerThreadTime.Milliseconds:2.0|#Level:Host|#hostname:Dharaneesh,timestamp:1737692457
2025-01-24T09:50:57,197 - ts_inference_requests_total.Count:1.0|#model_name:emotion_model,model_version:default|#hostname:Dharaneesh,timestamp:1737692457
2025-01-24T09:50:57,207 - Requests2XX.Count:1.0|#Level:Host|#hostname:Dharaneesh,timestamp:1737692457
2025-01-24T09:50:57,207 - ts_inference_latency_microseconds.Microseconds:8916.9|#model_name:emotion_model,model_version:default|#hostname:Dharaneesh,timestamp:1737692457
2025-01-24T09:50:57,207 - ts_queue_latency_microseconds.Microseconds:47.0|#model_name:emotion_model,model_version:default|#hostname:Dharaneesh,timestamp:1737692457
2025-01-24T09:50:57,207 - QueueTime.Milliseconds:0.0|#Level:Host|#hostname:Dharaneesh,timestamp:1737692457
2025-01-24T09:50:57,208 - WorkerThreadTime.Milliseconds:1.0|#Level:Host|#hostname:Dharaneesh,timestamp:1737692457
2025-01-24T09:50:57,209 - ts_inference_requests_total.Count:1.0|#model_name:emotion_model,model_version:default|#hostname:Dharaneesh,timestamp:1737692457
2025-01-24T09:50:57,220 - Requests2XX.Count:1.0|#Level:Host|#hostname:Dharaneesh,timestamp:1737692457
2025-01-24T09:50:57,221 - ts_inference_latency_microseconds.Microseconds:9305.3|#model_name:emotion_model,model_version:default|#hostname:Dharaneesh,timestamp:1737692457
2025-01-24T09:50:57,221 - ts_queue_latency_microseconds.Microseconds:56.3|#model_name:emotion_model,model_version:default|#hostname:Dharaneesh,timestamp:1737692457
2025-01-24T09:50:57,221 - QueueTime.Milliseconds:0.0|#Level:Host|#hostname:Dharaneesh,timestamp:1737692457
2025-01-24T09:50:57,221 - WorkerThreadTime.Milliseconds:1.0|#Level:Host|#hostname:Dharaneesh,timestamp:1737692457
2025-01-24T09:50:57,222 - ts_inference_requests_total.Count:1.0|#model_name:emotion_model,model_version:default|#hostname:Dharaneesh,timestamp:1737692457
2025-01-24T09:50:57,232 - Requests2XX.Count:1.0|#Level:Host|#hostname:Dharaneesh,timestamp:1737692457
2025-01-24T09:50:57,233 - ts_inference_latency_microseconds.Microseconds:8738.7|#model_name:emotion_model,model_version:default|#hostname:Dharaneesh,timestamp:1737692457
2025-01-24T09:50:57,233 - ts_queue_latency_microseconds.Microseconds:40.6|#model_name:emotion_model,model_version:default|#hostname:Dharaneesh,timestamp:1737692457
2025-01-24T09:50:57,233 - QueueTime.Milliseconds:0.0|#Level:Host|#hostname:Dharaneesh,timestamp:1737692457
2025-01-24T09:50:57,233 - WorkerThreadTime.Milliseconds:2.0|#Level:Host|#hostname:Dharaneesh,timestamp:1737692457
2025-01-24T09:50:57,233 - ts_inference_requests_total.Count:1.0|#model_name:emotion_model,model_version:default|#hostname:Dharaneesh,timestamp:1737692457
2025-01-24T09:50:57,244 - Requests2XX.Count:1.0|#Level:Host|#hostname:Dharaneesh,timestamp:1737692457
2025-01-24T09:50:57,244 - ts_inference_latency_microseconds.Microseconds:9032.5|#model_name:emotion_model,model_version:default|#hostname:Dharaneesh,timestamp:1737692457
2025-01-24T09:50:57,244 - ts_queue_latency_microseconds.Microseconds:47.4|#model_name:emotion_model,model_version:default|#hostname:Dharaneesh,timestamp:1737692457
2025-01-24T09:50:57,245 - QueueTime.Milliseconds:0.0|#Level:Host|#hostname:Dharaneesh,timestamp:1737692457
2025-01-24T09:50:57,245 - WorkerThreadTime.Milliseconds:2.0|#Level:Host|#hostname:Dharaneesh,timestamp:1737692457
2025-01-24T09:50:57,247 - ts_inference_requests_total.Count:1.0|#model_name:emotion_model,model_version:default|#hostname:Dharaneesh,timestamp:1737692457
2025-01-24T09:50:57,256 - Requests2XX.Count:1.0|#Level:Host|#hostname:Dharaneesh,timestamp:1737692457
2025-01-24T09:50:57,257 - ts_inference_latency_microseconds.Microseconds:8743.9|#model_name:emotion_model,model_version:default|#hostname:Dharaneesh,timestamp:1737692457
2025-01-24T09:50:57,257 - ts_queue_latency_microseconds.Microseconds:41.8|#model_name:emotion_model,model_version:default|#hostname:Dharaneesh,timestamp:1737692457
2025-01-24T09:50:57,257 - QueueTime.Milliseconds:0.0|#Level:Host|#hostname:Dharaneesh,timestamp:1737692457
2025-01-24T09:50:57,257 - WorkerThreadTime.Milliseconds:1.0|#Level:Host|#hostname:Dharaneesh,timestamp:1737692457
2025-01-24T09:50:57,259 - ts_inference_requests_total.Count:1.0|#model_name:emotion_model,model_version:default|#hostname:Dharaneesh,timestamp:1737692457
2025-01-24T09:50:57,270 - Requests2XX.Count:1.0|#Level:Host|#hostname:Dharaneesh,timestamp:1737692457
2025-01-24T09:50:57,270 - ts_inference_latency_microseconds.Microseconds:9754.0|#model_name:emotion_model,model_version:default|#hostname:Dharaneesh,timestamp:1737692457
2025-01-24T09:50:57,270 - ts_queue_latency_microseconds.Microseconds:49.1|#model_name:emotion_model,model_version:default|#hostname:Dharaneesh,timestamp:1737692457
2025-01-24T09:50:57,270 - QueueTime.Milliseconds:0.0|#Level:Host|#hostname:Dharaneesh,timestamp:1737692457
2025-01-24T09:50:57,270 - WorkerThreadTime.Milliseconds:2.0|#Level:Host|#hostname:Dharaneesh,timestamp:1737692457
2025-01-24T09:50:57,273 - ts_inference_requests_total.Count:1.0|#model_name:emotion_model,model_version:default|#hostname:Dharaneesh,timestamp:1737692457
2025-01-24T09:50:57,284 - Requests2XX.Count:1.0|#Level:Host|#hostname:Dharaneesh,timestamp:1737692457
2025-01-24T09:50:57,284 - ts_inference_latency_microseconds.Microseconds:10637.5|#model_name:emotion_model,model_version:default|#hostname:Dharaneesh,timestamp:1737692457
2025-01-24T09:50:57,284 - ts_queue_latency_microseconds.Microseconds:46.5|#model_name:emotion_model,model_version:default|#hostname:Dharaneesh,timestamp:1737692457
2025-01-24T09:50:57,284 - QueueTime.Milliseconds:0.0|#Level:Host|#hostname:Dharaneesh,timestamp:1737692457
2025-01-24T09:50:57,284 - WorkerThreadTime.Milliseconds:2.0|#Level:Host|#hostname:Dharaneesh,timestamp:1737692457
2025-01-24T09:50:57,286 - ts_inference_requests_total.Count:1.0|#model_name:emotion_model,model_version:default|#hostname:Dharaneesh,timestamp:1737692457
2025-01-24T09:50:57,297 - Requests2XX.Count:1.0|#Level:Host|#hostname:Dharaneesh,timestamp:1737692457
2025-01-24T09:50:57,297 - ts_inference_latency_microseconds.Microseconds:9493.4|#model_name:emotion_model,model_version:default|#hostname:Dharaneesh,timestamp:1737692457
2025-01-24T09:50:57,297 - ts_queue_latency_microseconds.Microseconds:35.7|#model_name:emotion_model,model_version:default|#hostname:Dharaneesh,timestamp:1737692457
2025-01-24T09:50:57,297 - QueueTime.Milliseconds:0.0|#Level:Host|#hostname:Dharaneesh,timestamp:1737692457
2025-01-24T09:50:57,297 - WorkerThreadTime.Milliseconds:1.0|#Level:Host|#hostname:Dharaneesh,timestamp:1737692457
2025-01-24T09:50:57,299 - ts_inference_requests_total.Count:1.0|#model_name:emotion_model,model_version:default|#hostname:Dharaneesh,timestamp:1737692457
2025-01-24T09:50:57,309 - Requests2XX.Count:1.0|#Level:Host|#hostname:Dharaneesh,timestamp:1737692457
2025-01-24T09:50:57,309 - ts_inference_latency_microseconds.Microseconds:9704.7|#model_name:emotion_model,model_version:default|#hostname:Dharaneesh,timestamp:1737692457
2025-01-24T09:50:57,309 - ts_queue_latency_microseconds.Microseconds:40.9|#model_name:emotion_model,model_version:default|#hostname:Dharaneesh,timestamp:1737692457
2025-01-24T09:50:57,310 - QueueTime.Milliseconds:0.0|#Level:Host|#hostname:Dharaneesh,timestamp:1737692457
2025-01-24T09:50:57,310 - WorkerThreadTime.Milliseconds:2.0|#Level:Host|#hostname:Dharaneesh,timestamp:1737692457
2025-01-24T09:50:57,310 - ts_inference_requests_total.Count:1.0|#model_name:emotion_model,model_version:default|#hostname:Dharaneesh,timestamp:1737692457
2025-01-24T09:50:57,322 - Requests2XX.Count:1.0|#Level:Host|#hostname:Dharaneesh,timestamp:1737692457
2025-01-24T09:50:57,322 - ts_inference_latency_microseconds.Microseconds:9850.3|#model_name:emotion_model,model_version:default|#hostname:Dharaneesh,timestamp:1737692457
2025-01-24T09:50:57,322 - ts_queue_latency_microseconds.Microseconds:40.8|#model_name:emotion_model,model_version:default|#hostname:Dharaneesh,timestamp:1737692457
2025-01-24T09:50:57,322 - QueueTime.Milliseconds:0.0|#Level:Host|#hostname:Dharaneesh,timestamp:1737692457
2025-01-24T09:50:57,322 - WorkerThreadTime.Milliseconds:1.0|#Level:Host|#hostname:Dharaneesh,timestamp:1737692457
2025-01-24T09:50:57,324 - ts_inference_requests_total.Count:1.0|#model_name:emotion_model,model_version:default|#hostname:Dharaneesh,timestamp:1737692457
2025-01-24T09:50:57,334 - Requests2XX.Count:1.0|#Level:Host|#hostname:Dharaneesh,timestamp:1737692457
2025-01-24T09:50:57,334 - ts_inference_latency_microseconds.Microseconds:9402.3|#model_name:emotion_model,model_version:default|#hostname:Dharaneesh,timestamp:1737692457
2025-01-24T09:50:57,334 - ts_queue_latency_microseconds.Microseconds:41.8|#model_name:emotion_model,model_version:default|#hostname:Dharaneesh,timestamp:1737692457
2025-01-24T09:50:57,335 - QueueTime.Milliseconds:0.0|#Level:Host|#hostname:Dharaneesh,timestamp:1737692457
2025-01-24T09:50:57,335 - WorkerThreadTime.Milliseconds:2.0|#Level:Host|#hostname:Dharaneesh,timestamp:1737692457
2025-01-24T09:50:57,335 - ts_inference_requests_total.Count:1.0|#model_name:emotion_model,model_version:default|#hostname:Dharaneesh,timestamp:1737692457
2025-01-24T09:50:57,346 - Requests2XX.Count:1.0|#Level:Host|#hostname:Dharaneesh,timestamp:1737692457
2025-01-24T09:50:57,347 - ts_inference_latency_microseconds.Microseconds:8806.5|#model_name:emotion_model,model_version:default|#hostname:Dharaneesh,timestamp:1737692457
2025-01-24T09:50:57,347 - ts_queue_latency_microseconds.Microseconds:38.6|#model_name:emotion_model,model_version:default|#hostname:Dharaneesh,timestamp:1737692457
2025-01-24T09:50:57,347 - QueueTime.Milliseconds:0.0|#Level:Host|#hostname:Dharaneesh,timestamp:1737692457
2025-01-24T09:50:57,347 - WorkerThreadTime.Milliseconds:2.0|#Level:Host|#hostname:Dharaneesh,timestamp:1737692457
2025-01-24T09:50:57,349 - ts_inference_requests_total.Count:1.0|#model_name:emotion_model,model_version:default|#hostname:Dharaneesh,timestamp:1737692457
2025-01-24T09:50:57,361 - Requests2XX.Count:1.0|#Level:Host|#hostname:Dharaneesh,timestamp:1737692457
2025-01-24T09:50:57,361 - ts_inference_latency_microseconds.Microseconds:10698.7|#model_name:emotion_model,model_version:default|#hostname:Dharaneesh,timestamp:1737692457
2025-01-24T09:50:57,361 - ts_queue_latency_microseconds.Microseconds:54.1|#model_name:emotion_model,model_version:default|#hostname:Dharaneesh,timestamp:1737692457
2025-01-24T09:50:57,361 - QueueTime.Milliseconds:0.0|#Level:Host|#hostname:Dharaneesh,timestamp:1737692457
2025-01-24T09:50:57,361 - WorkerThreadTime.Milliseconds:1.0|#Level:Host|#hostname:Dharaneesh,timestamp:1737692457
2025-01-24T09:50:57,363 - ts_inference_requests_total.Count:1.0|#model_name:emotion_model,model_version:default|#hostname:Dharaneesh,timestamp:1737692457
2025-01-24T09:50:57,375 - Requests2XX.Count:1.0|#Level:Host|#hostname:Dharaneesh,timestamp:1737692457
2025-01-24T09:50:57,376 - ts_inference_latency_microseconds.Microseconds:11766.5|#model_name:emotion_model,model_version:default|#hostname:Dharaneesh,timestamp:1737692457
2025-01-24T09:50:57,376 - ts_queue_latency_microseconds.Microseconds:63.5|#model_name:emotion_model,model_version:default|#hostname:Dharaneesh,timestamp:1737692457
2025-01-24T09:50:57,376 - QueueTime.Milliseconds:0.0|#Level:Host|#hostname:Dharaneesh,timestamp:1737692457
2025-01-24T09:50:57,376 - WorkerThreadTime.Milliseconds:2.0|#Level:Host|#hostname:Dharaneesh,timestamp:1737692457
2025-01-24T09:50:57,378 - ts_inference_requests_total.Count:1.0|#model_name:emotion_model,model_version:default|#hostname:Dharaneesh,timestamp:1737692457
2025-01-24T09:50:57,389 - Requests2XX.Count:1.0|#Level:Host|#hostname:Dharaneesh,timestamp:1737692457
2025-01-24T09:50:57,390 - ts_inference_latency_microseconds.Microseconds:10366.2|#model_name:emotion_model,model_version:default|#hostname:Dharaneesh,timestamp:1737692457
2025-01-24T09:50:57,390 - ts_queue_latency_microseconds.Microseconds:44.8|#model_name:emotion_model,model_version:default|#hostname:Dharaneesh,timestamp:1737692457
2025-01-24T09:50:57,390 - QueueTime.Milliseconds:0.0|#Level:Host|#hostname:Dharaneesh,timestamp:1737692457
2025-01-24T09:50:57,391 - WorkerThreadTime.Milliseconds:2.0|#Level:Host|#hostname:Dharaneesh,timestamp:1737692457
2025-01-24T09:50:57,391 - ts_inference_requests_total.Count:1.0|#model_name:emotion_model,model_version:default|#hostname:Dharaneesh,timestamp:1737692457
2025-01-24T09:50:57,404 - Requests2XX.Count:1.0|#Level:Host|#hostname:Dharaneesh,timestamp:1737692457
2025-01-24T09:50:57,404 - ts_inference_latency_microseconds.Microseconds:10346.6|#model_name:emotion_model,model_version:default|#hostname:Dharaneesh,timestamp:1737692457
2025-01-24T09:50:57,404 - ts_queue_latency_microseconds.Microseconds:41.1|#model_name:emotion_model,model_version:default|#hostname:Dharaneesh,timestamp:1737692457
2025-01-24T09:50:57,405 - QueueTime.Milliseconds:0.0|#Level:Host|#hostname:Dharaneesh,timestamp:1737692457
2025-01-24T09:50:57,405 - WorkerThreadTime.Milliseconds:1.0|#Level:Host|#hostname:Dharaneesh,timestamp:1737692457
2025-01-24T09:50:57,407 - ts_inference_requests_total.Count:1.0|#model_name:emotion_model,model_version:default|#hostname:Dharaneesh,timestamp:1737692457
2025-01-24T09:50:57,417 - Requests2XX.Count:1.0|#Level:Host|#hostname:Dharaneesh,timestamp:1737692457
2025-01-24T09:50:57,418 - ts_inference_latency_microseconds.Microseconds:10230.7|#model_name:emotion_model,model_version:default|#hostname:Dharaneesh,timestamp:1737692457
2025-01-24T09:50:57,418 - ts_queue_latency_microseconds.Microseconds:52.7|#model_name:emotion_model,model_version:default|#hostname:Dharaneesh,timestamp:1737692457
2025-01-24T09:50:57,419 - QueueTime.Milliseconds:0.0|#Level:Host|#hostname:Dharaneesh,timestamp:1737692457
2025-01-24T09:50:57,419 - WorkerThreadTime.Milliseconds:2.0|#Level:Host|#hostname:Dharaneesh,timestamp:1737692457
2025-01-24T09:50:57,421 - ts_inference_requests_total.Count:1.0|#model_name:emotion_model,model_version:default|#hostname:Dharaneesh,timestamp:1737692457
2025-01-24T09:50:57,430 - Requests2XX.Count:1.0|#Level:Host|#hostname:Dharaneesh,timestamp:1737692457
2025-01-24T09:50:57,430 - ts_inference_latency_microseconds.Microseconds:9133.7|#model_name:emotion_model,model_version:default|#hostname:Dharaneesh,timestamp:1737692457
2025-01-24T09:50:57,431 - ts_queue_latency_microseconds.Microseconds:39.7|#model_name:emotion_model,model_version:default|#hostname:Dharaneesh,timestamp:1737692457
2025-01-24T09:50:57,431 - QueueTime.Milliseconds:0.0|#Level:Host|#hostname:Dharaneesh,timestamp:1737692457
2025-01-24T09:50:57,431 - WorkerThreadTime.Milliseconds:1.0|#Level:Host|#hostname:Dharaneesh,timestamp:1737692457
2025-01-24T09:50:57,432 - ts_inference_requests_total.Count:1.0|#model_name:emotion_model,model_version:default|#hostname:Dharaneesh,timestamp:1737692457
2025-01-24T09:50:57,445 - Requests2XX.Count:1.0|#Level:Host|#hostname:Dharaneesh,timestamp:1737692457
2025-01-24T09:50:57,445 - ts_inference_latency_microseconds.Microseconds:10682.9|#model_name:emotion_model,model_version:default|#hostname:Dharaneesh,timestamp:1737692457
2025-01-24T09:50:57,445 - ts_queue_latency_microseconds.Microseconds:58.4|#model_name:emotion_model,model_version:default|#hostname:Dharaneesh,timestamp:1737692457
2025-01-24T09:50:57,445 - QueueTime.Milliseconds:0.0|#Level:Host|#hostname:Dharaneesh,timestamp:1737692457
2025-01-24T09:50:57,445 - WorkerThreadTime.Milliseconds:1.0|#Level:Host|#hostname:Dharaneesh,timestamp:1737692457
2025-01-24T09:50:57,448 - ts_inference_requests_total.Count:1.0|#model_name:emotion_model,model_version:default|#hostname:Dharaneesh,timestamp:1737692457
2025-01-24T09:50:57,460 - Requests2XX.Count:1.0|#Level:Host|#hostname:Dharaneesh,timestamp:1737692457
2025-01-24T09:50:57,460 - ts_inference_latency_microseconds.Microseconds:10433.6|#model_name:emotion_model,model_version:default|#hostname:Dharaneesh,timestamp:1737692457
2025-01-24T09:50:57,460 - ts_queue_latency_microseconds.Microseconds:53.2|#model_name:emotion_model,model_version:default|#hostname:Dharaneesh,timestamp:1737692457
2025-01-24T09:50:57,460 - QueueTime.Milliseconds:0.0|#Level:Host|#hostname:Dharaneesh,timestamp:1737692457
2025-01-24T09:50:57,460 - WorkerThreadTime.Milliseconds:1.0|#Level:Host|#hostname:Dharaneesh,timestamp:1737692457
2025-01-24T09:50:57,463 - ts_inference_requests_total.Count:1.0|#model_name:emotion_model,model_version:default|#hostname:Dharaneesh,timestamp:1737692457
2025-01-24T09:50:57,474 - Requests2XX.Count:1.0|#Level:Host|#hostname:Dharaneesh,timestamp:1737692457
2025-01-24T09:50:57,474 - ts_inference_latency_microseconds.Microseconds:9991.9|#model_name:emotion_model,model_version:default|#hostname:Dharaneesh,timestamp:1737692457
2025-01-24T09:50:57,474 - ts_queue_latency_microseconds.Microseconds:61.8|#model_name:emotion_model,model_version:default|#hostname:Dharaneesh,timestamp:1737692457
2025-01-24T09:50:57,474 - QueueTime.Milliseconds:0.0|#Level:Host|#hostname:Dharaneesh,timestamp:1737692457
2025-01-24T09:50:57,474 - WorkerThreadTime.Milliseconds:2.0|#Level:Host|#hostname:Dharaneesh,timestamp:1737692457
2025-01-24T09:50:57,476 - ts_inference_requests_total.Count:1.0|#model_name:emotion_model,model_version:default|#hostname:Dharaneesh,timestamp:1737692457
2025-01-24T09:50:57,487 - Requests2XX.Count:1.0|#Level:Host|#hostname:Dharaneesh,timestamp:1737692457
2025-01-24T09:50:57,487 - ts_inference_latency_microseconds.Microseconds:9953.4|#model_name:emotion_model,model_version:default|#hostname:Dharaneesh,timestamp:1737692457
2025-01-24T09:50:57,488 - ts_queue_latency_microseconds.Microseconds:45.6|#model_name:emotion_model,model_version:default|#hostname:Dharaneesh,timestamp:1737692457
2025-01-24T09:50:57,488 - QueueTime.Milliseconds:0.0|#Level:Host|#hostname:Dharaneesh,timestamp:1737692457
2025-01-24T09:50:57,488 - WorkerThreadTime.Milliseconds:2.0|#Level:Host|#hostname:Dharaneesh,timestamp:1737692457
2025-01-24T09:50:57,490 - ts_inference_requests_total.Count:1.0|#model_name:emotion_model,model_version:default|#hostname:Dharaneesh,timestamp:1737692457
2025-01-24T09:50:57,500 - Requests2XX.Count:1.0|#Level:Host|#hostname:Dharaneesh,timestamp:1737692457
2025-01-24T09:50:57,500 - ts_inference_latency_microseconds.Microseconds:9667.2|#model_name:emotion_model,model_version:default|#hostname:Dharaneesh,timestamp:1737692457
2025-01-24T09:50:57,500 - ts_queue_latency_microseconds.Microseconds:50.8|#model_name:emotion_model,model_version:default|#hostname:Dharaneesh,timestamp:1737692457
2025-01-24T09:50:57,500 - QueueTime.Milliseconds:0.0|#Level:Host|#hostname:Dharaneesh,timestamp:1737692457
2025-01-24T09:50:57,500 - WorkerThreadTime.Milliseconds:2.0|#Level:Host|#hostname:Dharaneesh,timestamp:1737692457
2025-01-24T09:51:20,932 - CPUUtilization.Percent:0.0|#Level:Host|#hostname:Dharaneesh,timestamp:1737692480
2025-01-24T09:51:20,933 - DiskAvailable.Gigabytes:45.54601287841797|#Level:Host|#hostname:Dharaneesh,timestamp:1737692480
2025-01-24T09:51:20,933 - DiskUsage.Gigabytes:149.88788986206055|#Level:Host|#hostname:Dharaneesh,timestamp:1737692480
2025-01-24T09:51:20,933 - DiskUtilization.Percent:76.7|#Level:Host|#hostname:Dharaneesh,timestamp:1737692480
2025-01-24T09:51:20,933 - GPUMemoryUtilization.Percent:0.0|#Level:Host,DeviceId:0|#hostname:Dharaneesh,timestamp:1737692480
2025-01-24T09:51:20,934 - GPUMemoryUsed.Megabytes:0.0|#Level:Host,DeviceId:0|#hostname:Dharaneesh,timestamp:1737692480
2025-01-24T09:51:20,934 - GPUUtilization.Percent:0.0|#Level:Host,DeviceId:0|#hostname:Dharaneesh,timestamp:1737692480
2025-01-24T09:51:20,934 - MemoryAvailable.Megabytes:5738.86328125|#Level:Host|#hostname:Dharaneesh,timestamp:1737692480
2025-01-24T09:51:20,934 - MemoryUsed.Megabytes:10263.26953125|#Level:Host|#hostname:Dharaneesh,timestamp:1737692480
2025-01-24T09:51:20,934 - MemoryUtilization.Percent:64.1|#Level:Host|#hostname:Dharaneesh,timestamp:1737692480
2025-01-24T09:51:28,333 - ts_inference_requests_total.Count:1.0|#model_name:emotion_model,model_version:default|#hostname:Dharaneesh,timestamp:1737692488
2025-01-24T09:51:28,349 - Requests2XX.Count:1.0|#Level:Host|#hostname:Dharaneesh,timestamp:1737692488
2025-01-24T09:51:28,349 - ts_inference_latency_microseconds.Microseconds:16690.5|#model_name:emotion_model,model_version:default|#hostname:Dharaneesh,timestamp:1737692488
2025-01-24T09:51:28,349 - ts_queue_latency_microseconds.Microseconds:56.5|#model_name:emotion_model,model_version:default|#hostname:Dharaneesh,timestamp:1737692488
2025-01-24T09:51:28,349 - QueueTime.Milliseconds:0.0|#Level:Host|#hostname:Dharaneesh,timestamp:1737692488
2025-01-24T09:51:28,349 - WorkerThreadTime.Milliseconds:0.0|#Level:Host|#hostname:Dharaneesh,timestamp:1737692488
2025-01-24T09:52:20,923 - CPUUtilization.Percent:0.0|#Level:Host|#hostname:Dharaneesh,timestamp:1737692540
2025-01-24T09:52:20,923 - DiskAvailable.Gigabytes:45.545066833496094|#Level:Host|#hostname:Dharaneesh,timestamp:1737692540
2025-01-24T09:52:20,923 - DiskUsage.Gigabytes:149.88883590698242|#Level:Host|#hostname:Dharaneesh,timestamp:1737692540
2025-01-24T09:52:20,923 - DiskUtilization.Percent:76.7|#Level:Host|#hostname:Dharaneesh,timestamp:1737692540
2025-01-24T09:52:20,923 - GPUMemoryUtilization.Percent:0.0|#Level:Host,DeviceId:0|#hostname:Dharaneesh,timestamp:1737692540
2025-01-24T09:52:20,923 - GPUMemoryUsed.Megabytes:0.0|#Level:Host,DeviceId:0|#hostname:Dharaneesh,timestamp:1737692540
2025-01-24T09:52:20,923 - GPUUtilization.Percent:0.0|#Level:Host,DeviceId:0|#hostname:Dharaneesh,timestamp:1737692540
2025-01-24T09:52:20,923 - MemoryAvailable.Megabytes:5794.5859375|#Level:Host|#hostname:Dharaneesh,timestamp:1737692540
2025-01-24T09:52:20,923 - MemoryUsed.Megabytes:10208.6875|#Level:Host|#hostname:Dharaneesh,timestamp:1737692540
2025-01-24T09:52:20,926 - MemoryUtilization.Percent:63.8|#Level:Host|#hostname:Dharaneesh,timestamp:1737692540
2025-01-24T09:53:20,921 - CPUUtilization.Percent:0.0|#Level:Host|#hostname:Dharaneesh,timestamp:1737692600
2025-01-24T09:53:20,921 - DiskAvailable.Gigabytes:45.545249938964844|#Level:Host|#hostname:Dharaneesh,timestamp:1737692600
2025-01-24T09:53:20,921 - DiskUsage.Gigabytes:149.88865280151367|#Level:Host|#hostname:Dharaneesh,timestamp:1737692600
2025-01-24T09:53:20,921 - DiskUtilization.Percent:76.7|#Level:Host|#hostname:Dharaneesh,timestamp:1737692600
2025-01-24T09:53:20,921 - GPUMemoryUtilization.Percent:0.0|#Level:Host,DeviceId:0|#hostname:Dharaneesh,timestamp:1737692600
2025-01-24T09:53:20,921 - GPUMemoryUsed.Megabytes:0.0|#Level:Host,DeviceId:0|#hostname:Dharaneesh,timestamp:1737692600
2025-01-24T09:53:20,921 - GPUUtilization.Percent:0.0|#Level:Host,DeviceId:0|#hostname:Dharaneesh,timestamp:1737692600
2025-01-24T09:53:20,921 - MemoryAvailable.Megabytes:5791.359375|#Level:Host|#hostname:Dharaneesh,timestamp:1737692600
2025-01-24T09:53:20,921 - MemoryUsed.Megabytes:10211.77734375|#Level:Host|#hostname:Dharaneesh,timestamp:1737692600
2025-01-24T09:53:20,921 - MemoryUtilization.Percent:63.8|#Level:Host|#hostname:Dharaneesh,timestamp:1737692600
2025-01-24T09:54:21,000 - CPUUtilization.Percent:0.0|#Level:Host|#hostname:Dharaneesh,timestamp:1737692661
2025-01-24T09:54:21,000 - DiskAvailable.Gigabytes:45.54471206665039|#Level:Host|#hostname:Dharaneesh,timestamp:1737692661
2025-01-24T09:54:21,000 - DiskUsage.Gigabytes:149.88919067382812|#Level:Host|#hostname:Dharaneesh,timestamp:1737692661
2025-01-24T09:54:21,000 - DiskUtilization.Percent:76.7|#Level:Host|#hostname:Dharaneesh,timestamp:1737692661
2025-01-24T09:54:21,000 - GPUMemoryUtilization.Percent:0.0|#Level:Host,DeviceId:0|#hostname:Dharaneesh,timestamp:1737692661
2025-01-24T09:54:21,000 - GPUMemoryUsed.Megabytes:0.0|#Level:Host,DeviceId:0|#hostname:Dharaneesh,timestamp:1737692661
2025-01-24T09:54:21,000 - GPUUtilization.Percent:0.0|#Level:Host,DeviceId:0|#hostname:Dharaneesh,timestamp:1737692661
2025-01-24T09:54:21,000 - MemoryAvailable.Megabytes:5930.234375|#Level:Host|#hostname:Dharaneesh,timestamp:1737692661
2025-01-24T09:54:21,000 - MemoryUsed.Megabytes:10073.2734375|#Level:Host|#hostname:Dharaneesh,timestamp:1737692661
2025-01-24T09:54:21,000 - MemoryUtilization.Percent:62.9|#Level:Host|#hostname:Dharaneesh,timestamp:1737692661
2025-01-24T12:16:04,938 - WorkerLoadTime.Milliseconds:2666.0|#WorkerName:W-9000-emotion_model_1.0,Level:Host|#hostname:Dharaneesh,timestamp:1737701164
2025-01-24T12:16:04,938 - WorkerThreadTime.Milliseconds:2.0|#Level:Host|#hostname:Dharaneesh,timestamp:1737701164
2025-01-24T12:17:34,069 - Requests4XX.Count:1.0|#Level:Host|#hostname:Dharaneesh,timestamp:1737701254
2025-01-24T12:19:46,668 - WorkerLoadTime.Milliseconds:2706.0|#WorkerName:W-9000-emotion_model_1.0,Level:Host|#hostname:Dharaneesh,timestamp:1737701386
2025-01-24T12:19:46,668 - WorkerThreadTime.Milliseconds:4.0|#Level:Host|#hostname:Dharaneesh,timestamp:1737701386
2025-01-24T12:19:52,568 - Requests4XX.Count:1.0|#Level:Host|#hostname:Dharaneesh,timestamp:1737701392
2025-01-24T12:22:08,231 - Requests4XX.Count:1.0|#Level:Host|#hostname:Dharaneesh,timestamp:1737701528
2025-01-24T12:23:23,958 - WorkerLoadTime.Milliseconds:2760.0|#WorkerName:W-9000-emotion_model_1.0,Level:Host|#hostname:Dharaneesh,timestamp:1737701603
2025-01-24T12:23:23,958 - WorkerThreadTime.Milliseconds:3.0|#Level:Host|#hostname:Dharaneesh,timestamp:1737701603
2025-01-24T12:27:19,565 - WorkerLoadTime.Milliseconds:2672.0|#WorkerName:W-9000-emotion_model_1.0,Level:Host|#hostname:Dharaneesh,timestamp:1737701839
2025-01-24T12:27:19,565 - WorkerThreadTime.Milliseconds:1.0|#Level:Host|#hostname:Dharaneesh,timestamp:1737701839
2025-01-24T12:28:11,191 - Requests4XX.Count:1.0|#Level:Host|#hostname:Dharaneesh,timestamp:1737701891
2025-01-24T12:34:40,438 - WorkerLoadTime.Milliseconds:8389.0|#WorkerName:W-9000-emotion_model_1.0,Level:Host|#hostname:Dharaneesh,timestamp:1737702280
2025-01-24T12:34:40,438 - WorkerThreadTime.Milliseconds:6.0|#Level:Host|#hostname:Dharaneesh,timestamp:1737702280
2025-01-24T12:36:09,210 - WorkerLoadTime.Milliseconds:2751.0|#WorkerName:W-9000-emotion_model_1.0,Level:Host|#hostname:Dharaneesh,timestamp:1737702369
2025-01-24T12:36:09,210 - WorkerThreadTime.Milliseconds:1.0|#Level:Host|#hostname:Dharaneesh,timestamp:1737702369
2025-01-24T12:36:28,924 - Requests4XX.Count:1.0|#Level:Host|#hostname:Dharaneesh,timestamp:1737702388
2025-01-24T12:36:30,689 - Requests4XX.Count:1.0|#Level:Host|#hostname:Dharaneesh,timestamp:1737702390
2025-01-24T12:36:32,553 - Requests4XX.Count:1.0|#Level:Host|#hostname:Dharaneesh,timestamp:1737702392
2025-01-24T12:39:06,549 - WorkerLoadTime.Milliseconds:2720.0|#WorkerName:W-9000-emotion_model_1.0,Level:Host|#hostname:Dharaneesh,timestamp:1737702546
2025-01-24T12:39:06,549 - WorkerThreadTime.Milliseconds:1.0|#Level:Host|#hostname:Dharaneesh,timestamp:1737702546
2025-01-24T12:50:19,064 - WorkerLoadTime.Milliseconds:2835.0|#WorkerName:W-9000-emotion_model_1.0,Level:Host|#hostname:Dharaneesh,timestamp:1737703219
2025-01-24T12:50:19,064 - WorkerThreadTime.Milliseconds:6.0|#Level:Host|#hostname:Dharaneesh,timestamp:1737703219
2025-01-24T12:51:15,320 - WorkerLoadTime.Milliseconds:2789.0|#WorkerName:W-9000-emotion_model_1.0,Level:Host|#hostname:Dharaneesh,timestamp:1737703275
2025-01-24T12:51:15,320 - WorkerThreadTime.Milliseconds:3.0|#Level:Host|#hostname:Dharaneesh,timestamp:1737703275
2025-01-24T12:56:18,615 - WorkerLoadTime.Milliseconds:2756.0|#WorkerName:W-9000-emotion_model_1.0,Level:Host|#hostname:Dharaneesh,timestamp:1737703578
2025-01-24T12:56:18,615 - WorkerThreadTime.Milliseconds:2.0|#Level:Host|#hostname:Dharaneesh,timestamp:1737703578
2025-01-24T12:58:02,859 - WorkerLoadTime.Milliseconds:2758.0|#WorkerName:W-9000-emotion_model_1.0,Level:Host|#hostname:Dharaneesh,timestamp:1737703682
2025-01-24T12:58:02,859 - WorkerThreadTime.Milliseconds:1.0|#Level:Host|#hostname:Dharaneesh,timestamp:1737703682
